Date,Price,Open,High,Low,Vol.,Change %
11/30/2015,31.476,31.109,31.476,31.035,1.28M,0.47%
12/1/2015,31.476,31.550,31.623,31.403,355.81K,0.00%
12/2/2015,31.329,31.623,31.844,31.329,984.00K,-0.47%
12/3/2015,31.476,31.329,31.550,31.256,567.97K,0.47%
12/4/2015,31.109,31.329,31.550,31.035,767.62K,-1.17%
12/7/2015,31.109,31.182,31.182,30.888,1.09M,0.00%
12/8/2015,31.182,30.962,31.329,30.741,1.06M,0.23%
12/9/2015,30.741,31.182,31.918,30.741,1.84M,-1.41%
12/10/2015,30.373,30.741,31.109,30.373,846.42K,-1.20%
12/11/2015,30.520,30.373,30.594,30.373,925.80K,0.48%
12/14/2015,30.373,30.520,30.594,30.226,835.09K,-0.48%
12/15/2015,30.520,30.300,30.667,30.300,511.86K,0.48%
12/16/2015,30.667,30.741,31.109,30.594,710.24K,0.48%
12/17/2015,30.815,30.888,31.109,30.741,782.74K,0.48%
12/18/2015,29.417,30.815,30.962,29.417,3.35M,-4.54%
12/21/2015,30.520,30.153,30.520,30.153,710.28K,3.75%
12/22/2015,30.594,30.520,30.741,30.447,498.18K,0.24%
12/23/2015,30.667,30.300,30.815,30.300,1.00M,0.24%
12/24/2015,30.888,30.815,30.962,30.667,913.83K,0.72%
12/25/2015,31.182,31.109,31.256,30.888,767.97K,0.95%
12/28/2015,31.991,31.182,32.138,31.182,2.03M,2.59%
12/29/2015,33.462,31.991,33.462,31.623,3.95M,4.60%
12/30/2015,33.830,33.168,33.830,32.359,3.86M,1.10%
12/31/2015,33.609,33.462,33.830,33.168,4.57M,-0.65%
1/4/2016,34.933,33.536,34.933,33.241,6.54M,3.94%
1/5/2016,34.933,34.565,35.080,34.418,3.37M,0.00%
1/6/2016,34.933,34.859,35.227,34.345,2.69M,0.00%
1/7/2016,35.301,34.418,35.448,34.197,3.88M,1.05%
1/8/2016,35.301,34.933,35.301,34.565,2.23M,0.00%
1/11/2016,35.521,35.301,36.110,35.006,2.16M,0.62%
1/12/2016,35.301,35.521,35.595,35.006,1.40M,-0.62%
1/13/2016,35.227,35.301,35.301,34.712,2.72M,-0.21%
1/14/2016,35.301,34.712,35.448,34.712,3.56M,0.21%
1/15/2016,34.933,35.374,35.374,34.859,1.27M,-1.04%
1/18/2016,34.933,34.418,35.006,33.094,3.42M,0.00%
1/19/2016,34.933,34.712,35.374,34.712,1.00M,0.00%
1/20/2016,34.859,34.639,35.301,34.639,2.13M,-0.21%
1/21/2016,35.154,35.080,35.301,34.786,2.99M,0.85%
1/22/2016,35.521,35.154,36.110,35.154,1.95M,1.04%
1/25/2016,35.521,35.668,35.668,35.301,2.67M,0.00%
1/26/2016,35.301,35.301,35.595,34.786,2.42M,-0.62%
1/27/2016,34.933,34.933,35.006,34.492,4.68M,-1.04%
1/28/2016,35.521,34.565,35.521,34.565,5.77M,1.68%
1/29/2016,35.006,35.448,35.448,34.712,3.03M,-1.45%
2/1/2016,34.565,34.712,35.227,34.565,1.54M,-1.26%
2/2/2016,34.565,34.345,34.712,34.345,1.38M,0.00%
2/3/2016,34.565,34.345,34.565,33.830,1.50M,0.00%
2/4/2016,34.565,34.565,34.933,34.565,549.41K,0.00%
2/5/2016,34.271,34.124,34.565,34.124,1.22M,-0.85%
2/15/2016,33.462,34.197,34.271,33.462,931.51K,-2.36%
2/16/2016,33.536,33.977,33.977,33.462,533.10K,0.22%
2/17/2016,33.462,34.050,34.050,33.462,352.84K,-0.22%
2/18/2016,33.830,33.830,33.977,33.609,809.25K,1.10%
2/19/2016,33.168,33.756,33.756,32.580,1.90M,-1.96%
2/22/2016,33.241,33.168,33.241,32.800,985.76K,0.22%
2/23/2016,33.536,33.241,34.050,33.241,569.18K,0.89%
2/24/2016,33.389,33.389,33.756,33.168,727.28K,-0.44%
2/25/2016,33.462,33.462,33.756,33.389,719.09K,0.22%
2/26/2016,33.094,33.536,33.683,32.874,1.68M,-1.10%
2/29/2016,32.432,33.094,33.094,32.432,352.57K,-2.00%
3/1/2016,32.432,32.653,32.800,32.065,1.30M,0.00%
3/2/2016,33.094,32.653,33.168,32.506,761.92K,2.04%
3/3/2016,33.389,33.241,33.462,33.094,668.25K,0.89%
3/4/2016,33.683,33.389,33.830,33.241,1.09M,0.88%
3/7/2016,33.683,33.683,34.197,33.462,758.06K,0.00%
3/8/2016,34.124,33.536,34.124,33.536,1.47M,1.31%
3/9/2016,34.197,34.197,34.492,34.197,1.53M,0.21%
3/10/2016,34.197,34.197,34.418,34.124,782.28K,0.00%
3/11/2016,33.389,34.197,34.197,33.389,761.96K,-2.36%
3/14/2016,33.389,33.168,33.462,33.094,471.33K,0.00%
3/15/2016,33.094,33.389,33.830,32.947,1.46M,-0.88%
3/16/2016,32.800,32.874,33.021,32.800,590.61K,-0.89%
3/17/2016,33.094,33.241,33.315,33.021,663.71K,0.90%
3/18/2016,32.432,33.094,33.168,32.432,7.41M,-2.00%
3/21/2016,33.241,32.874,33.536,32.874,1.41M,2.49%
3/22/2016,33.462,33.241,33.536,33.021,893.48K,0.66%
3/23/2016,33.389,33.094,33.536,32.800,2.20M,-0.22%
3/24/2016,33.168,33.389,33.462,33.094,693.55K,-0.66%
3/25/2016,33.683,33.094,33.830,33.094,1.71M,1.55%
3/28/2016,34.345,33.903,34.418,33.756,1.12M,1.97%
3/29/2016,34.418,34.565,34.859,34.271,2.02M,0.21%
3/30/2016,34.565,33.756,34.565,33.756,884.83K,0.43%
3/31/2016,34.712,34.124,35.006,34.124,1.90M,0.43%
4/1/2016,34.712,34.712,34.859,34.418,745.71K,0.00%
4/4/2016,34.639,34.786,34.786,34.418,478.24K,-0.21%
4/5/2016,34.639,34.639,34.786,34.197,440.26K,0.00%
4/6/2016,35.006,34.639,35.006,34.492,743.85K,1.06%
4/7/2016,34.712,35.006,35.080,34.639,393.96K,-0.84%
4/8/2016,34.933,34.712,35.006,34.492,816.23K,0.64%
4/11/2016,37.139,34.933,37.139,34.933,1.75M,6.31%
4/12/2016,38.242,38.242,38.610,37.507,1.57M,2.97%
4/13/2016,38.242,37.875,38.978,37.139,1.10M,0.00%
4/14/2016,38.610,37.875,40.081,37.875,1.46M,0.96%
4/15/2016,38.242,38.610,40.081,38.242,2.11M,-0.95%
4/19/2016,36.551,38.242,38.242,36.551,1.39M,-4.42%
4/20/2016,37.139,36.551,37.507,36.551,1.93M,1.61%
4/21/2016,37.875,37.875,38.610,37.139,1.63M,1.98%
4/22/2016,40.081,37.875,40.449,37.875,2.35M,5.82%
4/25/2016,38.610,40.816,41.184,38.610,1.91M,-3.67%
4/26/2016,39.713,38.610,40.081,38.610,985.15K,2.86%
4/27/2016,38.978,40.449,40.449,38.242,1.33M,-1.85%
4/28/2016,38.242,38.978,39.345,38.242,707.86K,-1.89%
4/29/2016,38.610,38.610,38.978,38.242,573.77K,0.96%
5/4/2016,37.507,37.875,38.610,37.507,1.03M,-2.86%
5/5/2016,37.875,37.875,38.978,37.875,561.82K,0.98%
5/6/2016,38.610,38.242,38.610,38.242,1.11M,1.94%
5/9/2016,38.242,38.978,38.978,38.242,1.07M,-0.95%
5/10/2016,38.242,38.242,38.242,37.507,949.89K,0.00%
5/11/2016,39.345,38.242,39.345,38.242,1.18M,2.88%
5/12/2016,39.345,39.713,40.081,39.345,637.90K,0.00%
5/13/2016,39.345,39.345,39.713,38.978,1.08M,0.00%
5/16/2016,40.449,39.345,40.816,38.978,1.68M,2.81%
5/17/2016,40.081,40.816,40.816,40.081,704.73K,-0.91%
5/18/2016,39.345,40.081,40.081,39.345,797.15K,-1.84%
5/19/2016,39.345,40.081,40.081,38.978,848.40K,0.00%
5/20/2016,37.875,39.345,39.713,37.875,2.11M,-3.74%
5/23/2016,38.242,38.242,38.242,37.139,1.92M,0.97%
5/24/2016,38.242,38.978,38.978,37.875,640.77K,0.00%
5/25/2016,38.242,38.242,38.610,37.875,385.67K,0.00%
5/26/2016,37.507,38.242,38.242,37.139,830.98K,-1.92%
5/27/2016,37.875,37.507,38.242,37.507,522.06K,0.98%
5/30/2016,39.345,38.242,39.713,38.242,1.47M,3.88%
5/31/2016,38.610,39.345,39.713,38.610,569.39K,-1.87%
6/1/2016,32.517,32.213,32.517,31.909,772.58K,-15.78%
6/2/2016,32.517,32.517,32.821,32.213,840.53K,0.00%
6/3/2016,32.821,32.517,32.821,32.213,568.30K,0.93%
6/6/2016,32.517,32.821,33.125,32.213,486.70K,-0.93%
6/7/2016,33.125,32.517,33.125,32.517,660.37K,1.87%
6/8/2016,33.125,33.125,34.036,32.821,1.75M,0.00%
6/9/2016,33.125,33.125,33.429,32.821,186.07K,0.00%
6/10/2016,32.821,33.125,33.429,32.821,280.74K,-0.92%
6/13/2016,31.909,32.517,32.517,31.909,1.04M,-2.78%
6/14/2016,32.517,31.909,32.517,31.909,457.74K,1.91%
6/15/2016,32.517,32.821,33.125,32.213,513.18K,0.00%
6/16/2016,32.517,32.517,32.821,32.213,749.20K,0.00%
6/17/2016,31.605,32.213,32.517,31.605,5.32M,-2.80%
6/20/2016,32.517,31.909,32.821,31.605,381.15K,2.89%
6/21/2016,32.821,32.821,33.125,32.517,548.53K,0.93%
6/22/2016,31.909,32.821,32.821,31.909,764.40K,-2.78%
6/23/2016,32.213,32.213,32.517,31.909,479.82K,0.95%
6/24/2016,31.605,32.213,32.213,30.025,1.88M,-1.89%
6/27/2016,32.653,32.383,32.990,32.316,781.62K,3.32%
6/28/2016,32.181,32.653,32.653,32.181,614.44K,-1.45%
6/29/2016,32.383,32.181,32.721,32.181,927.46K,0.63%
6/30/2016,33.328,32.721,34.407,32.518,1.21M,2.92%
7/1/2016,34.407,34.070,34.744,33.665,1.32M,3.24%
7/4/2016,34.407,34.744,35.082,34.407,681.52K,0.00%
7/5/2016,34.407,34.744,35.419,34.407,858.50K,0.00%
7/6/2016,34.407,34.407,34.744,34.070,783.61K,0.00%
7/7/2016,34.744,34.744,35.082,34.070,949.40K,0.98%
7/8/2016,34.744,35.082,35.082,34.407,1.07M,0.00%
7/11/2016,34.407,34.744,35.082,34.070,937.30K,-0.97%
7/12/2016,35.082,34.407,35.082,34.407,1.48M,1.96%
7/13/2016,37.106,35.419,37.106,35.419,2.34M,5.77%
7/14/2016,36.094,37.106,37.443,36.094,1.44M,-2.73%
7/15/2016,36.768,36.431,36.768,35.756,553.25K,1.87%
7/18/2016,36.431,36.768,36.768,36.094,770.49K,-0.92%
7/19/2016,35.082,36.431,36.768,34.070,2.30M,-3.70%
7/20/2016,33.733,35.082,35.419,33.733,1.77M,-3.85%
7/21/2016,34.070,34.070,34.744,33.665,922.58K,1.00%
7/22/2016,33.733,34.070,34.407,33.463,931.99K,-0.99%
7/25/2016,34.070,34.070,34.407,33.733,220.69K,1.00%
7/26/2016,34.070,34.070,34.407,33.598,394.49K,0.00%
7/27/2016,34.407,34.070,34.407,33.733,497.18K,0.99%
7/28/2016,35.419,34.744,35.756,34.407,783.61K,2.94%
7/29/2016,34.407,35.419,35.419,34.407,532.51K,-2.86%
8/1/2016,34.744,34.744,35.082,34.070,682.80K,0.98%
8/2/2016,34.407,34.070,35.082,34.070,2.00M,-0.97%
8/3/2016,33.260,33.733,34.070,33.058,1.80M,-3.33%
8/4/2016,32.046,33.395,33.463,32.046,1.09M,-3.65%
8/5/2016,30.157,31.371,31.911,30.022,2.73M,-5.89%
8/8/2016,30.157,30.157,30.697,28.065,4.48M,0.00%
8/9/2016,30.697,30.022,30.899,30.022,1.23M,1.79%
8/10/2016,32.788,30.832,32.788,30.832,4.23M,6.81%
8/11/2016,33.058,32.788,33.193,32.518,2.91M,0.82%
8/12/2016,33.058,33.395,33.395,32.788,1.82M,0.00%
8/15/2016,33.058,33.058,33.058,32.721,805.60K,0.00%
8/16/2016,32.316,33.058,33.058,32.046,2.51M,-2.24%
8/17/2016,32.316,32.316,32.855,31.709,2.61M,0.00%
8/18/2016,32.316,32.990,32.990,32.181,641.44K,0.00%
8/19/2016,32.181,32.383,32.653,31.843,1.72M,-0.42%
8/22/2016,31.641,32.383,32.383,31.506,2.36M,-1.68%
8/23/2016,32.721,31.506,32.721,31.304,2.50M,3.41%
8/24/2016,32.721,32.721,32.923,32.586,709.54K,0.00%
8/25/2016,32.586,32.721,32.721,32.248,955.80K,-0.41%
8/26/2016,32.383,32.383,32.586,32.316,356.78K,-0.62%
8/29/2016,32.383,32.383,32.855,32.383,1.27M,0.00%
8/30/2016,32.451,32.383,32.653,32.046,346.67K,0.21%
8/31/2016,32.451,32.383,32.721,32.316,714.73K,0.00%
9/1/2016,32.383,32.518,32.586,32.113,518.45K,-0.21%
9/5/2016,32.316,32.451,32.451,32.113,584.12K,-0.21%
9/6/2016,32.316,32.586,32.653,32.316,886.49K,0.00%
9/7/2016,32.046,32.451,32.451,31.978,763.51K,-0.84%
9/8/2016,32.248,32.383,32.383,32.113,495.29K,0.63%
9/9/2016,32.923,32.721,32.990,32.518,1.36M,2.09%
9/12/2016,33.598,33.733,33.733,32.990,1.08M,2.05%
9/13/2016,33.125,33.395,33.665,33.058,582.95K,-1.41%
9/14/2016,32.586,33.395,33.395,32.586,1.19M,-1.63%
9/15/2016,34.050,33.471,34.215,33.058,997.38K,4.49%
9/16/2016,35.537,33.636,35.537,33.636,3.47M,4.37%
9/19/2016,34.959,35.537,35.537,34.711,541.91K,-1.63%
9/20/2016,35.207,34.463,35.537,34.256,942.69K,0.71%
9/21/2016,36.116,35.537,36.281,35.207,895.15K,2.58%
9/22/2016,36.364,36.116,36.694,36.116,1.25M,0.69%
9/23/2016,36.653,36.446,36.653,36.364,562.44K,0.79%
9/26/2016,36.942,36.653,37.190,36.116,509.34K,0.79%
9/27/2016,37.975,37.107,37.975,36.942,438.96K,2.80%
9/28/2016,36.901,37.603,37.603,36.364,1.30M,-2.83%
9/29/2016,37.149,36.901,37.149,36.859,263.94K,0.67%
9/30/2016,36.777,36.777,37.025,35.124,206.03K,-1.00%
10/3/2016,35.537,36.777,36.777,35.537,1.27M,-3.37%
10/4/2016,36.364,35.537,36.364,35.372,540.79K,2.33%
10/5/2016,36.198,36.612,36.777,36.116,307.87K,-0.46%
10/6/2016,35.289,36.198,36.198,35.207,965.14K,-2.51%
10/7/2016,35.372,35.537,35.868,35.041,302.84K,0.24%
10/10/2016,34.793,35.702,35.702,34.711,346.29K,-1.64%
10/11/2016,34.793,34.876,35.124,34.463,372.08K,0.00%
10/12/2016,34.876,34.793,35.372,34.793,198.74K,0.24%
10/13/2016,35.537,35.124,35.620,34.628,1.33M,1.90%
10/14/2016,35.537,35.413,35.868,35.041,761.02K,0.00%
10/17/2016,35.537,35.537,35.620,35.289,656.95K,0.00%
10/18/2016,35.455,35.537,35.537,35.124,388.02K,-0.23%
10/19/2016,36.198,35.413,36.198,35.289,792.39K,2.10%
10/20/2016,35.785,36.033,36.033,35.537,400.84K,-1.14%
10/21/2016,35.537,35.785,35.785,35.289,909.17K,-0.69%
10/24/2016,35.537,35.537,35.537,35.124,711.04K,0.00%
10/25/2016,35.289,35.041,35.413,34.959,672.41K,-0.70%
10/26/2016,35.083,35.041,35.372,34.711,525.73K,-0.58%
10/27/2016,35.372,35.041,35.455,34.711,1.27M,0.82%
10/28/2016,35.413,35.372,35.702,35.207,861.25K,0.12%
10/31/2016,35.124,35.124,35.744,34.959,1.19M,-0.82%
11/1/2016,35.331,35.124,35.413,35.124,251.53K,0.59%
11/2/2016,34.959,35.372,35.702,34.959,583.06K,-1.05%
11/3/2016,35.041,34.793,35.372,34.587,591.04K,0.23%
11/4/2016,35.041,34.711,35.289,34.711,201.61K,0.00%
11/7/2016,35.331,35.041,35.413,34.959,236.26K,0.83%
11/8/2016,35.372,35.289,35.455,35.207,425.15K,0.12%
11/9/2016,35.124,35.455,35.455,34.711,1.02M,-0.70%
11/10/2016,35.372,35.372,35.537,35.207,307.41K,0.71%
11/11/2016,36.364,35.372,36.364,35.000,1.22M,2.80%
11/14/2016,35.455,36.116,37.025,35.455,1.71M,-2.50%
11/15/2016,35.331,35.537,35.950,35.165,488.97K,-0.35%
11/16/2016,35.289,35.331,35.785,35.207,562.80K,-0.12%
11/17/2016,35.289,35.207,35.372,34.752,1.20M,0.00%
11/18/2016,35.207,35.537,35.537,34.959,455.19K,-0.23%
11/21/2016,35.207,35.124,35.207,34.876,394.68K,0.00%
11/22/2016,35.207,35.041,35.289,35.041,316.12K,0.00%
11/23/2016,35.289,35.207,35.372,35.165,347.19K,0.23%
11/24/2016,35.124,35.289,35.289,34.752,749.43K,-0.47%
11/25/2016,35.124,34.959,35.124,34.298,2.00M,0.00%
11/28/2016,35.124,34.545,35.124,33.967,1.34M,0.00%
11/29/2016,34.298,35.124,35.124,34.298,1.19M,-2.35%
11/30/2016,34.711,33.926,34.711,33.388,1.77M,1.20%
12/1/2016,34.711,34.793,34.876,34.298,848.36K,0.00%
12/2/2016,34.711,34.298,34.876,34.298,759.38K,0.00%
12/5/2016,34.669,34.711,34.835,34.215,814.26K,-0.12%
12/6/2016,34.463,34.628,34.628,33.843,681.25K,-0.59%
12/7/2016,34.711,34.463,34.793,33.760,1.19M,0.72%
12/8/2016,34.711,34.298,34.711,34.298,863.58K,0.00%
12/9/2016,34.711,34.711,34.711,34.050,854.16K,0.00%
12/12/2016,34.711,34.380,34.711,34.132,915.04K,0.00%
12/13/2016,34.711,34.711,34.711,33.967,1.49M,0.00%
12/14/2016,35.083,34.711,35.124,34.380,1.01M,1.07%
12/15/2016,34.711,34.959,35.041,34.587,470.21K,-1.06%
12/16/2016,35.124,34.711,35.124,34.174,3.98M,1.19%
12/19/2016,35.372,35.207,35.785,35.207,750.43K,0.71%
12/20/2016,34.587,35.248,35.537,34.587,1.06M,-2.22%
12/21/2016,34.215,34.587,34.587,34.132,927.89K,-1.08%
12/22/2016,34.711,34.380,34.793,34.174,807.88K,1.45%
12/23/2016,34.793,34.380,34.793,34.380,341.66K,0.24%
12/26/2016,34.711,34.876,34.876,34.628,248.61K,-0.24%
12/27/2016,34.959,34.793,35.248,34.711,314.70K,0.71%
12/28/2016,34.380,35.083,35.083,34.339,1.35M,-1.66%
12/29/2016,34.628,34.380,34.752,34.380,468.15K,0.72%
12/30/2016,34.711,34.380,34.711,34.380,852.32K,0.24%
1/3/2017,34.380,34.711,34.711,34.380,389.02K,-0.95%
1/4/2017,34.752,34.380,34.752,34.380,380.07K,1.08%
1/5/2017,34.959,34.628,35.041,34.628,434.93K,0.60%
1/6/2017,35.620,35.041,35.950,35.000,1.03M,1.89%
1/9/2017,35.702,35.785,35.950,35.702,555.40K,0.23%
1/10/2017,35.455,35.702,35.785,35.413,523.35K,-0.69%
1/11/2017,35.537,35.455,35.909,35.207,502.20K,0.23%
1/12/2017,35.537,35.702,35.785,35.413,627.81K,0.00%
1/13/2017,35.785,35.579,35.909,35.496,612.31K,0.70%
1/16/2017,35.413,35.785,35.785,35.413,302.45K,-1.04%
1/17/2017,35.248,35.537,35.537,34.959,801.54K,-0.47%
1/18/2017,34.793,34.959,35.248,34.793,899.60K,-1.29%
1/19/2017,34.711,34.793,34.959,34.545,1.40M,-0.24%
1/20/2017,34.711,34.835,34.876,34.587,864.29K,0.00%
1/23/2017,34.711,34.876,34.876,34.463,883.00K,0.00%
1/24/2017,34.298,34.876,34.876,34.298,652.87K,-1.19%
1/25/2017,34.711,34.628,34.711,34.298,953.52K,1.20%
2/2/2017,35.124,34.959,35.413,34.959,472.53K,1.19%
2/3/2017,34.711,35.124,35.124,34.669,480.70K,-1.18%
2/6/2017,35.041,35.124,35.207,34.711,572.55K,0.95%
2/7/2017,35.372,35.041,35.372,34.876,961.77K,0.94%
2/8/2017,35.331,35.455,35.455,35.289,405.11K,-0.12%
2/9/2017,35.248,35.372,35.413,35.165,341.43K,-0.23%
2/10/2017,35.124,35.207,35.331,34.752,1.01M,-0.35%
2/13/2017,35.124,35.124,35.207,34.959,382.55K,0.00%
2/14/2017,35.165,35.207,35.413,35.083,600.33K,0.12%
2/15/2017,36.777,35.207,36.942,35.207,2.75M,4.58%
2/16/2017,36.364,36.777,36.942,36.364,1.05M,-1.12%
2/17/2017,36.364,36.446,36.446,36.033,838.13K,0.00%
2/20/2017,37.438,36.198,37.521,35.785,972.90K,2.95%
2/21/2017,38.388,37.438,38.843,37.438,1.56M,2.54%
2/22/2017,37.769,38.264,38.678,37.603,1.07M,-1.61%
2/23/2017,37.397,37.769,38.017,37.190,707.45K,-0.98%
2/24/2017,37.397,37.397,38.017,37.107,615.03K,0.00%
2/27/2017,37.975,37.438,38.430,37.438,954.21K,1.55%
2/28/2017,37.190,38.182,38.182,37.190,1.22M,-2.07%
3/1/2017,36.942,36.942,37.479,36.612,787.81K,-0.67%
3/2/2017,36.446,36.859,37.149,36.364,961.56K,-1.34%
3/3/2017,36.777,36.736,37.107,36.612,351.58K,0.91%
3/6/2017,36.983,37.107,37.521,36.859,443.96K,0.56%
3/7/2017,37.066,36.983,37.438,36.859,288.73K,0.22%
3/8/2017,36.777,37.066,37.066,36.364,670.98K,-0.78%
3/9/2017,36.529,36.777,36.777,36.529,328.12K,-0.67%
3/10/2017,36.529,36.405,36.942,36.364,1.02M,0.00%
3/13/2017,36.529,36.859,36.942,36.529,439.08K,0.00%
3/14/2017,36.405,36.529,36.777,36.405,447.80K,-0.34%
3/15/2017,35.950,36.446,36.529,35.785,674.62K,-1.25%
3/16/2017,36.364,35.702,36.364,35.702,232.74K,1.15%
3/17/2017,36.198,36.529,37.025,36.198,1.29M,-0.46%
3/20/2017,35.785,36.612,36.777,35.785,1.42M,-1.14%
3/21/2017,34.256,36.198,36.198,33.884,8.15M,-4.27%
3/22/2017,34.421,34.256,35.041,34.256,1.81M,0.48%
3/23/2017,35.124,34.421,35.207,34.421,1.25M,2.04%
3/24/2017,35.000,34.959,35.083,34.835,1.89M,-0.35%
3/27/2017,35.000,34.793,35.041,34.711,1.28M,0.00%
3/28/2017,34.711,35.000,35.000,34.711,860.25K,-0.83%
3/29/2017,34.876,34.959,35.041,34.711,886.35K,0.48%
3/30/2017,34.876,34.959,35.000,34.711,804.87K,0.00%
3/31/2017,34.545,34.793,35.000,34.545,731.11K,-0.95%
4/3/2017,34.298,34.628,34.711,34.298,754.35K,-0.72%
4/4/2017,34.711,34.463,34.711,34.339,640.68K,1.20%
4/5/2017,34.380,34.711,34.793,34.380,637.10K,-0.95%
4/7/2017,34.711,34.380,34.711,34.298,448.81K,0.96%
4/10/2017,35.041,34.711,35.124,34.628,1.15M,0.95%
4/11/2017,35.165,34.793,35.496,34.793,1.47M,0.35%
4/12/2017,34.752,35.165,35.455,34.711,798.75K,-1.17%
4/13/2017,35.041,34.752,35.331,34.752,1.04M,0.83%
4/14/2017,34.504,34.876,35.000,34.463,847.10K,-1.53%
4/17/2017,34.504,34.504,34.711,33.678,1.54M,0.00%
4/18/2017,34.463,34.298,34.711,34.132,508.97K,-0.12%
4/19/2017,34.298,34.463,34.463,34.256,1.16M,-0.48%
4/20/2017,33.554,34.298,34.380,33.471,1.42M,-2.17%
4/21/2017,33.471,33.223,34.091,33.223,572.54K,-0.25%
4/24/2017,33.058,33.306,33.802,32.769,511.78K,-1.23%
4/25/2017,33.347,33.058,33.471,33.058,352.87K,0.87%
4/26/2017,33.388,33.388,33.471,33.140,506.40K,0.12%
4/27/2017,33.802,33.388,33.884,33.388,644.88K,1.24%
4/28/2017,33.802,33.471,33.802,33.388,1.05M,0.00%
5/3/2017,33.471,33.967,33.967,33.306,399.91K,-0.98%
5/4/2017,33.306,33.512,33.512,33.140,841.02K,-0.49%
5/5/2017,33.388,33.306,33.388,33.140,626.82K,0.25%
5/8/2017,33.388,33.388,33.512,33.182,553.41K,0.00%
5/9/2017,33.678,33.388,33.802,33.306,701.76K,0.87%
5/10/2017,33.430,33.512,33.719,33.388,874.26K,-0.74%
5/11/2017,33.471,33.471,33.760,33.430,1.04M,0.12%
5/12/2017,33.471,33.388,33.554,33.306,451.11K,0.00%
5/15/2017,33.802,33.471,34.132,33.306,793.25K,0.99%
5/16/2017,34.298,33.884,34.298,33.719,1.22M,1.47%
5/17/2017,34.132,34.132,34.463,34.008,651.15K,-0.48%
5/18/2017,34.132,34.132,34.463,33.926,986.71K,0.00%
5/19/2017,33.802,34.132,34.132,33.636,780.49K,-0.97%
5/22/2017,34.050,33.719,34.215,33.719,999.25K,0.73%
5/23/2017,33.760,34.050,34.050,33.719,966.81K,-0.85%
5/24/2017,33.471,33.760,33.843,33.388,1.70M,-0.86%
5/25/2017,33.099,33.306,33.471,33.017,2.20M,-1.11%
5/26/2017,33.471,33.140,33.471,33.058,876.79K,1.12%
5/29/2017,33.595,33.471,33.678,33.058,949.71K,0.37%
5/30/2017,33.264,33.306,33.554,33.264,805.78K,-0.99%
5/31/2017,33.264,33.306,33.636,33.223,767.10K,0.00%
6/1/2017,33.512,33.471,33.595,33.264,860.18K,0.75%
6/2/2017,33.554,33.512,33.595,33.388,762.93K,0.13%
6/5/2017,33.554,33.471,33.595,33.264,597.86K,0.00%
6/6/2017,33.595,33.678,33.678,33.512,531.84K,0.12%
6/7/2017,33.884,33.595,33.884,33.595,598.32K,0.86%
6/8/2017,34.132,33.967,34.545,33.636,849.70K,0.73%
6/9/2017,34.380,34.215,34.545,34.215,651.27K,0.73%
6/12/2017,35.000,34.545,35.000,34.380,1.39M,1.80%
6/13/2017,35.537,35.165,35.537,34.917,1.15M,1.53%
6/14/2017,34.298,35.537,35.620,34.050,2.22M,-3.49%
6/15/2017,34.959,34.380,34.959,34.380,940.53K,1.93%
6/16/2017,35.537,35.413,35.537,35.041,4.43M,1.65%
6/19/2017,35.620,35.124,35.620,35.000,914.78K,0.23%
6/20/2017,34.959,35.702,35.702,34.959,574.96K,-1.86%
6/21/2017,35.372,34.959,35.372,34.669,673.11K,1.18%
6/22/2017,34.793,35.248,35.289,34.793,352.36K,-1.64%
6/23/2017,34.752,34.545,34.793,34.545,547.03K,-0.12%
6/26/2017,35.372,34.752,35.496,34.752,701.63K,1.78%
6/27/2017,35.207,35.372,35.372,35.124,263.15K,-0.47%
6/28/2017,35.083,35.207,35.207,34.917,291.28K,-0.35%
6/29/2017,35.000,35.372,35.372,34.959,207.79K,-0.24%
6/30/2017,35.289,35.207,35.289,34.917,547.21K,0.83%
7/3/2017,34.959,35.289,35.289,34.876,650.52K,-0.94%
7/4/2017,34.711,34.876,34.959,34.298,1.14M,-0.71%
7/5/2017,34.711,34.959,35.041,34.421,597.15K,0.00%
7/6/2017,35.041,35.124,35.124,34.711,392.35K,0.95%
7/7/2017,34.711,35.248,35.289,34.711,289.07K,-0.94%
7/10/2017,33.967,34.959,34.959,33.884,672.53K,-2.14%
7/11/2017,34.793,33.967,34.793,33.967,527.57K,2.43%
7/12/2017,35.207,35.083,35.207,34.711,556.31K,1.19%
7/13/2017,35.207,35.207,35.207,34.628,668.65K,0.00%
7/14/2017,35.207,35.207,35.207,34.876,429.73K,0.00%
7/17/2017,35.041,35.124,35.124,34.545,591.98K,-0.47%
7/18/2017,34.959,34.298,34.959,34.298,176.93K,-0.23%
7/19/2017,34.711,35.124,35.124,34.669,363.16K,-0.71%
7/20/2017,35.041,34.711,35.041,34.545,313.73K,0.95%
7/21/2017,35.083,34.793,35.083,34.421,681.69K,0.12%
7/24/2017,34.876,35.083,35.083,34.628,269.55K,-0.59%
7/25/2017,34.711,34.545,34.793,34.545,234.40K,-0.47%
7/26/2017,35.207,34.711,35.207,34.545,614.99K,1.43%
7/27/2017,34.959,34.793,35.207,34.793,308.20K,-0.70%
7/28/2017,35.455,34.959,35.455,34.711,522.36K,1.42%
7/31/2017,36.777,36.033,36.777,35.950,1.51M,3.73%
8/1/2017,36.694,36.777,36.777,36.364,489.58K,-0.23%
8/2/2017,36.694,36.281,36.777,36.281,470.51K,0.00%
8/3/2017,36.694,36.529,37.025,36.364,583.09K,0.00%
8/4/2017,36.818,36.859,37.107,36.694,527.90K,0.34%
8/7/2017,36.777,36.818,36.859,36.612,414.63K,-0.11%
8/8/2017,37.107,36.777,37.107,36.777,793.16K,0.90%
8/9/2017,35.950,36.612,37.190,35.950,764.41K,-3.12%
8/10/2017,35.702,35.950,36.198,35.537,216.18K,-0.69%
8/11/2017,35.950,35.702,36.116,35.455,151.65K,0.69%
8/14/2017,35.950,35.950,35.992,35.702,275.75K,0.00%
8/15/2017,35.207,35.868,35.950,35.124,614.98K,-2.07%
8/16/2017,35.372,35.124,35.413,35.041,314.04K,0.47%
8/17/2017,35.331,35.537,35.537,35.041,404.16K,-0.12%
8/18/2017,35.331,35.331,35.620,35.041,633.25K,0.00%
8/21/2017,35.455,34.959,35.455,34.959,360.29K,0.35%
8/22/2017,35.372,35.207,35.537,35.207,265.07K,-0.23%
8/23/2017,35.785,35.744,35.785,35.372,171.72K,1.17%
8/24/2017,35.992,35.950,36.322,35.785,473.70K,0.58%
8/25/2017,36.818,35.992,36.983,35.992,756.66K,2.29%
8/28/2017,37.603,36.818,37.603,36.446,986.45K,2.13%
8/29/2017,38.058,37.521,38.182,37.149,1.27M,1.21%
8/30/2017,40.661,38.058,40.661,38.058,1.92M,6.84%
8/31/2017,40.496,40.496,41.818,40.083,1.77M,-0.41%
9/1/2017,40.826,40.248,41.240,40.248,742.83K,0.81%
9/5/2017,41.488,41.240,41.570,40.992,1.31M,1.62%
9/6/2017,41.322,41.488,41.488,40.496,1.18M,-0.40%
9/7/2017,41.281,41.322,41.322,40.826,566.84K,-0.10%
9/8/2017,41.818,41.322,42.397,40.785,2.03M,1.30%
9/11/2017,40.744,41.653,41.653,40.744,820.90K,-2.57%
9/12/2017,40.744,40.165,40.744,40.165,2.13M,0.00%
9/13/2017,39.752,40.744,40.785,39.669,1.19M,-2.43%
9/14/2017,40.620,39.298,41.322,39.298,1.26M,2.18%
9/15/2017,40.413,39.835,40.909,39.835,4.28M,-0.51%
9/18/2017,40.496,40.413,40.826,40.331,374.37K,0.21%
9/19/2017,40.578,40.496,40.744,40.372,819.38K,0.20%
9/20/2017,40.496,40.578,40.620,40.248,710.28K,-0.20%
9/21/2017,40.578,40.496,40.578,39.711,777.58K,0.20%
9/22/2017,40.578,40.661,41.074,39.917,768.89K,0.00%
9/25/2017,40.496,40.496,40.744,40.331,1.20M,-0.20%
9/26/2017,40.826,40.496,41.281,40.331,1.33M,0.81%
9/27/2017,42.231,41.157,42.562,41.157,1.95M,3.44%
9/28/2017,41.983,42.479,42.810,41.983,970.76K,-0.59%
9/29/2017,42.314,41.736,42.314,41.736,933.47K,0.79%
10/2/2017,42.149,42.314,42.397,42.066,870.11K,-0.39%
10/3/2017,42.231,42.231,43.388,42.231,3.56M,0.19%
10/4/2017,42.975,42.479,42.975,42.314,2.34M,1.76%
10/5/2017,43.554,43.058,43.967,42.975,1.98M,1.35%
10/6/2017,43.471,43.554,43.719,43.223,1.51M,-0.19%
10/9/2017,42.975,43.306,43.306,42.397,793.58K,-1.14%
10/10/2017,43.140,42.562,43.140,41.901,2.19M,0.38%
10/11/2017,45.372,43.140,45.372,43.140,2.20M,5.17%
10/12/2017,45.455,45.041,46.116,44.545,1.16M,0.18%
10/13/2017,46.281,45.041,46.281,44.959,1.41M,1.82%
10/16/2017,45.124,46.281,46.446,45.124,1.41M,-2.50%
10/17/2017,45.702,45.289,46.116,45.041,740.21K,1.28%
10/18/2017,45.372,45.702,46.033,45.372,780.70K,-0.72%
10/19/2017,45.455,45.372,45.620,45.041,789.25K,0.18%
10/20/2017,45.702,45.455,46.116,45.124,2.06M,0.54%
10/23/2017,45.785,45.785,45.950,45.455,1.26M,0.18%
10/24/2017,45.868,45.868,46.116,45.207,1.23M,0.18%
10/25/2017,45.702,45.868,45.950,45.455,773.76K,-0.36%
10/26/2017,45.702,45.702,45.785,43.802,1.72M,0.00%
10/27/2017,47.107,46.116,47.438,45.620,2.28M,3.07%
10/30/2017,47.934,47.438,48.347,47.190,1.84M,1.76%
10/31/2017,48.347,48.182,48.595,47.686,1.48M,0.86%
11/1/2017,48.430,48.430,48.595,48.099,1.75M,0.17%
11/2/2017,49.587,48.430,49.587,48.347,1.69M,2.39%
11/3/2017,49.752,49.504,50.083,48.760,1.49M,0.33%
11/6/2017,50.000,49.917,50.248,49.587,1.24M,0.50%
11/7/2017,51.240,50.248,51.653,49.835,1.99M,2.48%
11/8/2017,54.132,52.893,54.215,51.653,2.46M,5.64%
11/9/2017,56.694,55.785,57.851,55.372,2.30M,4.73%
11/10/2017,54.545,56.033,57.851,53.967,2.47M,-3.79%
11/13/2017,56.694,54.545,56.694,53.967,1.47M,3.94%
11/14/2017,56.694,56.612,57.438,55.702,2.05M,0.00%
11/15/2017,57.025,56.694,57.438,55.620,2.92M,0.58%
11/16/2017,57.769,56.198,57.769,56.198,1.75M,1.30%
11/17/2017,59.008,58.017,59.504,57.769,1.90M,2.14%
11/20/2017,63.058,59.339,63.058,59.091,2.37M,6.86%
11/21/2017,63.636,64.463,67.438,63.223,4.55M,0.92%
11/22/2017,62.810,63.636,65.124,60.744,2.02M,-1.30%
11/23/2017,63.223,62.810,64.297,62.149,1.58M,0.66%
11/24/2017,61.570,63.223,63.223,61.570,1.04M,-2.61%
11/27/2017,62.810,61.157,65.702,59.504,2.60M,2.01%
11/28/2017,62.975,64.050,65.207,62.810,2.16M,0.26%
11/29/2017,62.975,63.636,63.636,62.893,1.60M,0.00%
11/30/2017,61.570,62.975,63.388,61.570,2.09M,-2.23%
12/1/2017,61.653,61.570,62.314,60.992,1.17M,0.13%
12/4/2017,62.893,62.066,63.802,61.570,2.08M,2.01%
12/5/2017,60.331,63.636,64.876,58.512,4.46M,-4.07%
12/6/2017,60.331,60.826,60.826,57.769,3.24M,0.00%
12/7/2017,59.504,59.917,60.992,58.678,1.22M,-1.37%
12/8/2017,60.331,58.843,60.744,57.438,2.14M,1.39%
12/11/2017,59.504,59.504,60.496,58.678,1.28M,-1.37%
12/12/2017,58.843,60.331,60.413,57.025,1.38M,-1.11%
12/13/2017,59.504,59.091,59.669,58.595,662.60K,1.12%
12/14/2017,59.504,59.421,59.917,58.678,577.42K,0.00%
12/15/2017,58.017,58.430,59.256,57.934,5.06M,-2.50%
12/18/2017,61.157,59.008,61.157,59.008,1.45M,5.41%
12/19/2017,60.744,61.653,62.397,60.578,1.22M,-0.68%
12/20/2017,60.744,60.578,61.074,59.835,1.82M,0.00%
12/21/2017,60.331,61.074,62.397,60.331,2.08M,-0.68%
12/22/2017,62.479,60.909,62.479,60.661,2.73M,3.56%
12/25/2017,64.463,62.810,64.463,62.645,1.69M,3.18%
12/26/2017,64.463,64.711,65.289,64.297,2.79M,0.00%
12/27/2017,63.802,64.463,65.289,63.388,3.54M,-1.03%
12/28/2017,63.967,64.050,64.876,63.967,1.34M,0.26%
12/29/2017,63.884,64.132,66.033,63.636,2.55M,-0.13%
1/2/2018,64.628,64.132,64.876,63.967,1.74M,1.16%
1/3/2018,66.529,65.702,68.760,64.959,6.07M,2.94%
1/4/2018,66.942,67.355,68.678,66.529,3.55M,0.62%
1/5/2018,66.116,66.942,66.942,65.289,3.42M,-1.23%
1/8/2018,66.364,66.116,67.686,65.372,4.81M,0.38%
1/9/2018,66.612,66.859,68.182,66.116,3.97M,0.37%
1/10/2018,66.777,66.942,68.017,66.612,4.27M,0.25%
1/11/2018,66.942,66.777,67.934,66.198,3.91M,0.25%
1/12/2018,70.578,67.355,71.322,67.190,6.83M,5.43%
1/15/2018,72.066,71.405,73.388,71.157,4.83M,2.11%
1/16/2018,71.074,72.066,72.314,70.248,4.88M,-1.38%
1/17/2018,69.421,71.074,71.736,68.595,4.43M,-2.33%
1/18/2018,69.752,68.595,69.752,66.529,3.05M,0.48%
1/19/2018,69.421,70.248,71.240,69.421,5.50M,-0.47%
1/22/2018,70.248,69.835,70.744,69.421,2.39M,1.19%
1/25/2018,70.331,70.248,73.967,70.248,7.86M,0.12%
1/26/2018,70.661,71.074,71.488,70.165,2.27M,0.47%
1/29/2018,70.661,71.074,72.149,70.413,1.99M,0.00%
1/30/2018,70.248,70.661,70.909,69.008,3.06M,-0.58%
1/31/2018,71.074,70.661,73.058,70.331,6.25M,1.18%
2/1/2018,71.570,72.314,72.562,70.248,2.96M,0.70%
2/2/2018,72.066,71.488,73.140,71.488,5.01M,0.69%
2/5/2018,67.025,70.578,71.074,67.025,3.13M,-6.99%
2/6/2018,67.025,62.397,67.025,62.397,7.76M,0.00%
2/7/2018,66.942,67.769,68.512,66.942,1.90M,-0.12%
2/8/2018,65.289,66.116,66.942,65.289,1.25M,-2.47%
2/9/2018,64.628,62.810,64.959,61.570,1.83M,-1.01%
2/12/2018,69.091,65.289,69.091,65.289,1.70M,6.91%
2/13/2018,71.157,70.248,71.901,69.421,1.65M,2.99%
2/21/2018,74.380,72.645,76.033,72.149,3.67M,4.53%
2/22/2018,74.793,74.380,76.033,73.636,2.49M,0.56%
2/23/2018,75.702,75.207,76.033,75.207,1.59M,1.22%
2/26/2018,78.512,76.033,79.752,76.033,3.22M,3.71%
2/27/2018,77.273,79.752,80.083,76.446,2.80M,-1.58%
2/28/2018,78.430,76.281,78.595,76.281,2.00M,1.50%
3/1/2018,77.686,78.017,79.174,77.107,1.49M,-0.95%
3/2/2018,78.099,76.033,78.926,76.033,1.06M,0.53%
3/5/2018,77.686,78.512,82.314,77.686,2.37M,-0.53%
3/6/2018,81.405,79.339,81.405,77.686,1.89M,4.79%
3/7/2018,81.488,81.405,82.645,79.752,1.88M,0.10%
3/8/2018,85.289,80.992,86.281,80.909,3.02M,4.66%
3/9/2018,85.537,85.289,87.603,82.645,3.86M,0.29%
3/12/2018,82.645,85.124,86.033,82.397,5.03M,-3.38%
3/13/2018,84.793,82.645,85.041,82.562,1.65M,2.60%
3/14/2018,84.711,84.711,86.694,84.711,2.48M,-0.10%
3/15/2018,82.231,85.041,85.041,82.231,3.37M,-2.93%
3/16/2018,82.397,82.149,83.471,82.149,3.74M,0.20%
3/19/2018,86.281,82.810,86.777,82.810,1.45M,4.71%
3/20/2018,86.116,85.124,87.190,85.124,1.27M,-0.19%
3/21/2018,89.256,86.694,89.752,86.364,4.26M,3.65%
3/22/2018,89.256,90.083,91.488,89.256,2.74M,0.00%
3/23/2018,90.496,87.273,91.901,87.190,4.18M,1.39%
3/26/2018,94.050,90.909,96.777,89.669,5.67M,3.93%
3/27/2018,93.388,96.694,97.355,93.306,3.81M,-0.70%
3/28/2018,94.628,93.388,95.868,92.727,1.76M,1.33%
3/29/2018,95.041,94.628,95.455,93.802,1.91M,0.44%
3/30/2018,96.859,95.124,96.859,94.215,2.10M,1.91%
4/2/2018,101.653,98.099,102.893,97.521,2.97M,4.95%
4/3/2018,101.074,100.992,101.653,99.835,2.92M,-0.57%
4/4/2018,105.372,101.653,106.529,101.653,2.35M,4.25%
4/5/2018,108.264,109.091,109.917,107.190,3.86M,2.74%
4/6/2018,109.421,107.438,109.504,107.190,2.36M,1.07%
4/9/2018,111.488,111.570,111.983,109.917,3.88M,1.89%
4/10/2018,108.264,111.570,113.058,108.264,5.44M,-2.89%
4/11/2018,104.132,108.760,110.331,102.479,3.89M,-3.82%
4/12/2018,104.959,102.479,105.620,100.331,4.35M,0.79%
4/13/2018,105.455,105.785,107.934,104.959,2.53M,0.47%
4/16/2018,106.364,105.785,106.777,102.893,2.04M,0.86%
4/17/2018,107.438,107.438,109.091,105.372,2.79M,1.01%
4/18/2018,107.355,108.264,109.091,107.355,2.79M,-0.08%
4/19/2018,99.917,106.281,106.612,99.917,6.67M,-6.93%
4/20/2018,101.653,99.917,102.893,94.132,5.04M,1.74%
4/23/2018,101.818,102.479,103.967,101.488,5.85M,0.16%
4/24/2018,104.959,99.174,105.455,97.686,10.55M,3.08%
4/26/2018,104.959,104.793,104.959,101.570,7.79M,0.00%
4/27/2018,104.132,101.405,104.545,100.826,3.65M,-0.79%
5/2/2018,103.306,104.132,104.132,99.174,6.30M,-0.79%
5/3/2018,101.653,101.653,104.215,100.826,5.72M,-1.60%
5/4/2018,102.893,100.496,103.388,99.174,3.89M,1.22%
5/7/2018,102.975,102.066,103.306,102.066,1.28M,0.08%
5/8/2018,102.397,102.975,103.223,101.818,1.53M,-0.56%
5/9/2018,101.570,101.322,101.818,100.661,2.04M,-0.81%
5/10/2018,99.587,101.488,101.488,99.174,2.16M,-1.95%
5/11/2018,102.479,99.256,102.479,98.347,1.63M,2.90%
5/14/2018,109.091,103.306,109.091,103.306,2.86M,6.45%
5/15/2018,109.091,110.661,111.405,109.091,2.07M,0.00%
5/16/2018,107.438,109.091,109.091,105.785,1.06M,-1.52%
5/17/2018,101.653,107.438,107.438,101.240,2.14M,-5.38%
5/18/2018,101.653,100.826,103.306,99.587,1.84M,0.00%
5/21/2018,94.545,101.653,101.653,94.545,2.73M,-6.99%
5/22/2018,87.934,91.570,94.215,87.934,3.13M,-6.99%
5/23/2018,85.124,83.554,87.851,81.818,2.86M,-3.20%
5/24/2018,86.033,85.124,86.777,83.636,3.67M,1.07%
5/25/2018,88.430,86.033,91.405,82.645,3.21M,2.79%
5/28/2018,91.736,84.959,91.736,84.711,3.82M,3.74%
5/29/2018,90.909,87.851,92.149,87.686,2.06M,-0.90%
5/30/2018,91.736,90.992,93.802,87.521,2.21M,0.91%
5/31/2018,95.868,92.397,96.694,90.083,6.74M,4.50%
6/1/2018,98.347,95.372,99.174,94.215,5.12M,2.59%
6/4/2018,99.174,98.347,99.256,97.934,1.09M,0.84%
6/5/2018,100.083,99.174,101.240,98.016,1.21M,0.92%
6/6/2018,102.562,99.174,102.810,97.273,2.48M,2.48%
6/7/2018,102.645,103.223,103.636,101.818,1.79M,0.08%
6/8/2018,102.645,101.818,103.140,100.826,1.09M,0.00%
6/11/2018,102.727,102.479,103.388,101.240,1.74M,0.08%
6/12/2018,102.810,99.174,102.975,99.174,2.52M,0.08%
6/13/2018,105.785,100.826,105.785,100.826,2.21M,2.89%
6/14/2018,104.132,106.446,106.446,103.306,1.91M,-1.56%
6/15/2018,102.066,104.132,104.793,102.066,5.77M,-1.98%
6/18/2018,101.983,102.066,104.050,101.240,1.71M,-0.08%
6/19/2018,101.653,100.413,101.983,96.694,2.45M,-0.32%
6/20/2018,103.306,101.653,103.306,100.826,1.06M,1.63%
6/21/2018,102.479,103.306,103.719,100.992,2.06M,-0.80%
6/22/2018,101.488,103.223,103.223,101.488,558.56K,-0.97%
6/25/2018,102.231,103.306,103.306,101.653,680.81K,0.73%
6/26/2018,102.149,100.000,102.397,99.587,922.41K,-0.08%
6/27/2018,103.471,102.149,103.967,101.653,1.43M,1.29%
6/28/2018,107.500,105.000,110.700,105.000,1.19M,3.89%
6/29/2018,107.500,105.100,107.800,105.100,2.97M,0.00%
7/2/2018,107.200,106.000,108.500,106.000,953.20K,-0.28%
7/3/2018,99.700,106.000,107.000,99.700,3.21M,-7.00%
7/4/2018,105.000,99.500,106.200,97.000,1.97M,5.32%
7/5/2018,106.500,104.000,107.300,103.000,1.42M,1.43%
7/6/2018,106.200,104.100,106.900,101.800,1.43M,-0.28%
7/9/2018,105.000,106.000,107.300,104.500,701.99K,-1.13%
7/10/2018,103.000,105.000,106.500,102.500,795.03K,-1.90%
7/11/2018,104.500,101.000,104.500,100.000,840.12K,1.46%
7/12/2018,103.000,104.900,104.900,101.000,357.71K,-1.44%
7/13/2018,103.000,104.200,104.200,102.000,564.04K,0.00%
7/16/2018,102.500,103.500,103.500,101.000,1.07M,-0.49%
7/17/2018,104.000,101.000,104.100,100.000,1.21M,1.46%
7/18/2018,105.000,102.500,105.000,102.500,1.92M,0.96%
7/19/2018,105.000,105.000,105.000,103.000,2.86M,0.00%
7/20/2018,103.600,103.500,105.000,103.500,2.19M,-1.33%
7/23/2018,104.000,103.600,106.500,103.300,1.26M,0.39%
7/24/2018,104.500,104.000,105.600,104.000,1.49M,0.48%
7/25/2018,104.400,104.500,105.400,104.100,755.57K,-0.10%
7/26/2018,106.000,105.300,106.000,104.400,1.30M,1.53%
7/27/2018,106.400,107.000,107.600,105.700,1.19M,0.38%
7/30/2018,106.400,106.900,106.900,105.600,1.16M,0.00%
7/31/2018,106.400,106.000,107.500,105.100,1.90M,0.00%
8/1/2018,106.500,106.300,107.500,106.300,1.27M,0.09%
8/2/2018,106.700,106.500,107.400,106.200,1.63M,0.19%
8/3/2018,111.500,107.200,112.700,106.800,2.53M,4.50%
8/6/2018,111.500,112.000,112.900,109.700,3.67M,0.00%
8/7/2018,110.300,111.000,111.500,109.900,1.10M,-1.08%
8/8/2018,108.800,109.700,110.900,108.600,1.62M,-1.36%
8/9/2018,104.200,107.500,108.700,104.000,2.82M,-4.23%
8/10/2018,104.200,104.000,105.800,101.000,1.89M,0.00%
8/13/2018,102.800,103.500,104.000,101.400,1.73M,-1.34%
8/14/2018,103.300,102.800,104.600,101.800,1.17M,0.49%
8/15/2018,101.900,103.300,104.300,101.900,644.81K,-1.36%
8/16/2018,102.100,100.100,103.100,100.100,1.23M,0.20%
8/17/2018,102.300,102.100,103.300,102.100,449.53K,0.20%
8/20/2018,102.600,102.000,103.200,102.000,1.00M,0.29%
8/21/2018,103.100,102.500,103.100,102.000,1.04M,0.49%
8/22/2018,103.600,103.500,104.100,103.100,795.47K,0.48%
8/23/2018,104.600,104.000,105.900,104.000,1.81M,0.97%
8/24/2018,104.000,104.600,105.100,103.800,1.26M,-0.57%
8/27/2018,104.200,104.100,105.000,103.800,839.36K,0.19%
8/28/2018,104.200,103.600,104.500,103.500,617.62K,0.00%
8/29/2018,103.000,104.200,104.200,103.000,533.72K,-1.15%
8/30/2018,103.400,103.000,103.500,102.500,1.17M,0.39%
8/31/2018,103.400,103.300,103.400,101.500,1.81M,0.00%
9/4/2018,102.100,103.400,103.400,102.000,343.19K,-1.26%
9/5/2018,101.500,102.100,102.800,101.500,610.50K,-0.59%
9/6/2018,98.000,101.100,101.500,98.000,918.94K,-3.45%
9/7/2018,97.200,96.100,99.000,96.100,698.83K,-0.82%
9/10/2018,99.300,98.000,99.900,97.100,896.45K,2.16%
9/11/2018,101.200,98.500,102.000,98.500,726.37K,1.91%
9/12/2018,101.400,101.200,103.000,101.100,629.76K,0.20%
9/13/2018,100.300,101.400,102.000,100.000,422.54K,-1.08%
9/14/2018,101.000,100.300,101.500,99.700,614.37K,0.70%
9/17/2018,99.000,100.800,101.300,98.900,465.65K,-1.98%
9/18/2018,99.600,98.000,99.600,98.000,613.16K,0.61%
9/19/2018,98.600,99.600,100.100,98.500,416.47K,-1.00%
9/20/2018,98.500,98.200,99.500,98.200,449.42K,-0.10%
9/21/2018,98.600,98.500,99.300,98.400,1.58M,0.10%
9/24/2018,99.600,98.600,100.300,98.600,323.61K,1.01%
9/25/2018,99.500,99.600,99.600,99.200,426.72K,-0.10%
9/26/2018,99.000,99.200,99.300,99.000,505.18K,-0.50%
9/27/2018,98.600,99.000,99.200,98.500,497.46K,-0.40%
9/28/2018,98.300,98.600,98.600,98.100,857.91K,-0.30%
10/1/2018,98.500,99.900,102.500,98.500,1.27M,0.20%
10/2/2018,102.000,99.900,102.000,99.700,1.21M,3.55%
10/3/2018,102.200,103.000,103.900,101.800,860.38K,0.20%
10/4/2018,100.600,102.100,102.200,100.600,635.15K,-1.57%
10/5/2018,98.500,99.900,100.400,98.300,1.87M,-2.09%
10/8/2018,96.600,97.600,98.300,96.400,1.77M,-1.93%
10/9/2018,96.600,96.600,97.300,96.100,944.59K,0.00%
10/10/2018,96.600,96.600,97.700,96.500,1.21M,0.00%
10/11/2018,93.000,92.000,94.400,89.900,3.28M,-3.73%
10/12/2018,96.000,93.000,97.500,92.800,1.74M,3.23%
10/15/2018,95.500,96.000,96.700,94.000,720.50K,-0.52%
10/16/2018,98.600,95.000,98.600,94.200,1.29M,3.25%
10/17/2018,99.000,98.600,99.600,98.200,1.31M,0.41%
10/18/2018,99.100,98.500,99.200,98.000,896.14K,0.10%
10/19/2018,99.100,96.500,99.100,96.500,915.87K,0.00%
10/22/2018,99.100,98.100,99.600,97.100,536.93K,0.00%
10/23/2018,99.000,98.100,99.000,96.500,608.75K,-0.10%
10/24/2018,98.800,98.000,99.500,97.500,681.29K,-0.20%
10/25/2018,96.800,96.700,98.200,94.600,404.05K,-2.02%
10/26/2018,96.400,96.200,98.000,95.700,653.11K,-0.41%
10/29/2018,97.200,95.500,97.700,95.000,643.70K,0.83%
10/30/2018,96.600,95.500,97.300,95.500,452.08K,-0.62%
10/31/2018,97.200,95.600,97.200,95.600,582.47K,0.62%
11/1/2018,95.500,96.500,96.800,95.000,1.23M,-1.75%
11/2/2018,96.000,95.600,96.700,95.500,1.48M,0.52%
11/5/2018,96.000,96.000,96.500,95.100,664.13K,0.00%
11/6/2018,95.800,96.000,96.500,95.400,597.17K,-0.21%
11/7/2018,96.000,96.300,96.300,94.300,608.18K,0.21%
11/8/2018,96.000,96.000,96.600,95.800,383.03K,0.00%
11/9/2018,95.900,95.000,96.000,95.000,602.57K,-0.10%
11/12/2018,95.900,95.800,96.000,95.500,720.99K,0.00%
11/13/2018,93.300,94.800,95.000,93.300,598.80K,-2.71%
11/14/2018,94.700,93.600,95.100,93.400,450.95K,1.50%
11/15/2018,91.700,94.700,94.700,90.900,689.54K,-3.17%
11/16/2018,90.100,91.700,92.500,89.800,895.70K,-1.74%
11/19/2018,96.400,90.100,96.400,90.100,1.55M,6.99%
11/20/2018,97.200,94.700,97.200,94.700,1.47M,0.83%
11/21/2018,97.300,97.000,97.300,95.000,1.61M,0.10%
11/22/2018,98.000,97.200,98.000,96.500,1.35M,0.72%
11/23/2018,99.000,98.800,99.000,97.000,1.06M,1.02%
11/26/2018,100.500,99.000,100.500,98.000,642.52K,1.52%
11/27/2018,101.500,100.500,103.200,100.500,467.40K,1.00%
11/28/2018,102.000,101.500,102.000,100.800,577.60K,0.49%
11/29/2018,102.000,102.500,103.000,101.700,367.13K,0.00%
11/30/2018,101.700,101.000,102.000,97.500,1.02M,-0.29%
12/3/2018,101.900,101.800,103.000,101.300,262.71K,0.20%
12/4/2018,102.000,102.400,102.400,101.600,966.49K,0.10%
12/5/2018,102.100,101.900,102.200,101.000,461.24K,0.10%
12/6/2018,102.100,102.100,102.200,101.100,251.61K,0.00%
12/7/2018,102.200,102.100,102.200,101.500,460.96K,0.10%
12/10/2018,102.100,102.000,102.200,101.100,806.73K,-0.10%
12/11/2018,102.200,102.100,102.200,101.400,457.47K,0.10%
12/12/2018,102.200,102.200,102.400,102.000,403.32K,0.00%
12/13/2018,102.800,102.500,103.900,101.800,488.82K,0.59%
12/14/2018,102.700,102.200,103.000,101.600,234.66K,-0.10%
12/17/2018,102.500,102.000,102.700,101.900,205.95K,-0.19%
12/18/2018,102.000,101.800,102.000,100.000,531.47K,-0.49%
12/19/2018,102.000,102.000,102.300,100.500,506.60K,0.00%
12/20/2018,101.900,101.000,102.000,100.800,387.37K,-0.10%
12/21/2018,102.000,100.500,102.000,100.000,791.04K,0.10%
12/24/2018,102.000,102.000,102.200,101.300,216.96K,0.00%
12/25/2018,101.900,100.100,101.900,100.100,293.61K,-0.10%
12/26/2018,101.900,101.000,101.900,101.000,367.75K,0.00%
12/27/2018,102.400,101.000,102.900,101.000,690.68K,0.49%
12/28/2018,95.300,103.300,103.400,95.300,381.32K,-6.93%
1/2/2019,100.400,101.200,101.300,97.500,602.45K,5.35%
1/3/2019,100.300,100.000,100.300,98.200,496.95K,-0.10%
1/4/2019,100.600,100.000,100.700,98.000,458.00K,0.30%
1/7/2019,101.000,100.900,103.000,99.900,589.15K,0.40%
1/8/2019,101.000,102.000,102.000,99.700,494.30K,0.00%
1/9/2019,101.500,101.000,101.900,99.000,659.21K,0.50%
1/10/2019,101.400,101.200,101.500,100.000,551.98K,-0.10%
1/11/2019,101.400,101.000,101.400,100.100,569.03K,0.00%
1/14/2019,101.400,101.300,101.900,100.200,562.93K,0.00%
1/15/2019,101.500,101.400,101.500,100.400,711.45K,0.10%
1/16/2019,102.000,101.500,102.100,100.800,518.16K,0.49%
1/17/2019,102.000,102.000,102.200,100.700,325.13K,0.00%
1/18/2019,102.200,101.500,102.200,100.900,498.29K,0.20%
1/21/2019,102.400,102.200,102.400,101.300,404.25K,0.20%
1/22/2019,102.400,102.400,102.400,101.500,258.07K,0.00%
1/23/2019,102.600,102.000,103.700,102.000,299.57K,0.20%
1/24/2019,102.800,102.500,102.900,102.200,184.72K,0.19%
1/25/2019,102.900,102.800,103.500,102.200,306.67K,0.10%
1/28/2019,103.700,102.900,103.700,102.600,381.26K,0.78%
1/29/2019,103.900,104.900,104.900,103.000,225.31K,0.19%
1/30/2019,103.900,103.900,104.000,102.900,370.04K,0.00%
1/31/2019,103.900,104.000,104.500,102.500,651.02K,0.00%
2/1/2019,98.800,103.800,103.800,98.800,2.10M,-4.91%
2/11/2019,104.000,102.000,104.000,101.200,527.31K,5.26%
2/12/2019,109.100,104.900,109.100,104.000,769.11K,4.90%
2/13/2019,109.000,108.000,109.300,107.200,822.04K,-0.09%
2/14/2019,112.900,109.000,113.000,109.000,995.31K,3.58%
2/15/2019,112.000,113.000,113.000,112.000,670.90K,-0.80%
2/18/2019,113.700,112.500,113.700,111.700,829.15K,1.52%
2/19/2019,116.000,113.500,116.600,113.500,1.00M,2.02%
2/20/2019,116.500,115.200,116.900,115.200,678.80K,0.43%
2/21/2019,118.400,116.500,118.400,116.300,1.16M,1.63%
2/22/2019,117.000,118.000,118.400,116.600,720.97K,-1.18%
2/25/2019,116.300,117.000,117.900,115.900,624.89K,-0.60%
2/26/2019,115.500,116.000,116.600,113.500,792.71K,-0.69%
2/27/2019,117.400,115.500,117.900,115.500,824.62K,1.65%
2/28/2019,114.000,117.000,117.400,113.100,1.13M,-2.90%
3/1/2019,115.100,114.000,117.000,114.000,739.26K,0.96%
3/4/2019,117.400,116.700,117.600,115.800,660.55K,2.00%
3/5/2019,117.300,117.400,117.800,116.900,706.06K,-0.09%
3/6/2019,117.700,117.700,117.700,117.100,377.28K,0.34%
3/7/2019,119.200,117.900,122.500,117.800,1.80M,1.27%
3/8/2019,118.100,119.000,119.600,118.100,845.28K,-0.92%
3/11/2019,118.300,117.000,118.300,117.000,429.39K,0.17%
3/12/2019,118.600,119.000,119.400,118.200,902.20K,0.25%
3/13/2019,117.500,118.500,120.000,117.000,1.26M,-0.93%
3/14/2019,118.800,116.500,118.800,115.600,1.16M,1.11%
3/15/2019,118.700,119.300,119.300,117.900,1.70M,-0.08%
3/18/2019,121.300,120.000,121.300,119.100,1.11M,2.19%
3/19/2019,121.000,121.300,122.400,120.700,1.19M,-0.25%
3/20/2019,120.200,121.000,121.000,119.100,780.19K,-0.66%
3/21/2019,117.000,120.000,120.300,117.000,1.21M,-2.66%
3/22/2019,118.600,117.000,118.900,117.000,1.11M,1.37%
3/25/2019,115.200,117.000,117.300,115.000,886.80K,-2.87%
3/26/2019,113.700,115.500,116.800,113.000,846.57K,-1.30%
3/27/2019,113.900,115.000,115.900,113.900,772.08K,0.18%
3/28/2019,115.900,113.900,115.900,113.900,561.88K,1.76%
3/29/2019,115.900,115.900,116.800,115.900,1.10M,0.00%
4/1/2019,116.500,116.400,116.500,115.800,828.43K,0.52%
4/2/2019,116.300,116.900,117.200,116.200,1.04M,-0.17%
4/3/2019,114.900,115.500,116.000,114.500,464.27K,-1.20%
4/4/2019,115.100,115.300,115.800,114.100,383.73K,0.17%
4/5/2019,115.100,115.300,115.400,114.600,235.79K,0.00%
4/8/2019,115.500,115.200,115.800,114.800,435.19K,0.35%
4/9/2019,113.000,116.000,116.000,112.800,1.16M,-2.16%
4/10/2019,111.800,113.000,114.000,110.900,696.00K,-1.06%
4/11/2019,115.000,111.800,115.000,111.800,350.81K,2.86%
4/12/2019,113.200,115.000,115.000,113.000,551.99K,-1.57%
4/16/2019,113.100,109.500,113.100,108.000,1.23M,-0.09%
4/17/2019,110.000,111.300,113.000,110.000,960.22K,-2.74%
4/18/2019,109.000,109.500,110.000,105.000,891.24K,-0.91%
4/19/2019,110.100,110.000,110.600,108.200,414.05K,1.01%
4/22/2019,111.900,109.000,111.900,107.000,794.06K,1.63%
4/23/2019,113.000,111.900,113.000,111.000,534.66K,0.98%
4/24/2019,113.800,113.000,114.000,112.100,447.82K,0.71%
4/25/2019,113.600,113.800,113.800,112.000,503.49K,-0.18%
4/26/2019,113.700,112.000,113.700,112.000,826.05K,0.09%
5/2/2019,113.600,113.800,113.900,113.000,190.97K,-0.09%
5/3/2019,112.500,113.700,113.700,112.100,705.50K,-0.97%
5/6/2019,112.200,112.000,112.300,110.200,290.58K,-0.27%
5/7/2019,112.600,112.200,113.300,111.000,421.35K,0.36%
5/8/2019,112.600,111.500,112.700,111.400,348.50K,0.00%
5/9/2019,112.600,112.700,112.700,111.600,314.14K,0.00%
5/10/2019,112.700,112.600,113.000,112.200,289.16K,0.09%
5/13/2019,112.900,111.900,112.900,111.700,439.20K,0.18%
5/14/2019,113.500,112.000,113.500,111.900,539.28K,0.53%
5/15/2019,115.300,113.500,116.200,113.400,456.79K,1.59%
5/16/2019,116.900,115.300,118.900,115.300,773.01K,1.39%
5/17/2019,116.900,117.000,118.100,116.100,464.26K,0.00%
5/20/2019,117.500,117.000,117.500,116.100,406.34K,0.51%
5/21/2019,117.500,118.700,118.700,116.300,708.62K,0.00%
5/22/2019,117.500,117.200,118.100,116.000,382.33K,0.00%
5/23/2019,117.000,117.000,117.600,116.200,249.83K,-0.43%
5/24/2019,115.000,115.500,116.200,114.300,628.56K,-1.71%
5/27/2019,115.000,114.000,115.900,114.000,166.08K,0.00%
5/28/2019,114.000,116.000,116.000,114.000,503.27K,-0.87%
5/29/2019,115.200,114.900,115.400,114.000,357.95K,1.05%
5/30/2019,115.000,115.200,116.200,115.000,572.81K,-0.17%
5/31/2019,114.600,115.800,115.800,114.600,296.61K,-0.35%
6/3/2019,114.500,114.000,115.500,113.000,281.51K,-0.09%
6/4/2019,114.600,113.600,115.400,113.600,262.74K,0.09%
6/5/2019,115.900,115.000,115.900,115.000,244.40K,1.13%
6/6/2019,115.900,115.900,115.900,114.400,167.50K,0.00%
6/7/2019,117.000,116.600,117.000,116.100,286.94K,0.95%
6/10/2019,117.600,117.200,118.700,117.200,955.89K,0.51%
6/11/2019,117.000,117.600,117.800,117.000,308.91K,-0.51%
6/12/2019,116.000,117.000,117.500,116.000,258.35K,-0.85%
6/13/2019,115.500,115.200,115.900,115.200,267.94K,-0.43%
6/14/2019,115.500,116.000,116.000,114.300,350.18K,0.00%
6/17/2019,114.500,115.900,116.500,113.800,415.39K,-0.87%
6/18/2019,114.000,114.700,115.000,113.800,433.86K,-0.44%
6/19/2019,115.900,114.700,115.900,114.500,135.22K,1.67%
6/20/2019,116.000,116.200,117.100,115.600,317.48K,0.09%
6/21/2019,114.500,116.500,116.800,114.500,594.21K,-1.29%
6/24/2019,116.400,115.000,116.600,115.000,228.39K,1.66%
6/25/2019,116.400,116.500,117.200,116.300,510.70K,0.00%
6/26/2019,116.900,116.300,117.000,116.000,515.02K,0.43%
6/27/2019,114.900,117.000,117.000,114.900,398.28K,-1.71%
6/28/2019,115.700,115.000,115.900,113.700,468.59K,0.70%
7/1/2019,117.200,116.700,117.200,116.100,562.11K,1.30%
7/2/2019,115.800,117.100,117.300,115.800,268.15K,-1.19%
7/3/2019,115.400,115.500,116.000,114.300,260.17K,-0.35%
7/4/2019,116.500,115.000,116.500,115.000,265.26K,0.95%
7/5/2019,116.700,116.000,116.800,115.800,307.40K,0.17%
7/8/2019,116.000,116.500,116.700,115.800,285.84K,-0.60%
7/9/2019,116.000,116.000,116.100,115.200,187.33K,0.00%
7/10/2019,116.800,117.000,117.500,116.500,377.06K,0.69%
7/11/2019,116.500,117.300,117.500,115.600,363.38K,-0.26%
7/12/2019,116.000,116.900,117.000,116.000,169.92K,-0.43%
7/15/2019,114.200,116.000,116.200,113.800,514.90K,-1.55%
7/16/2019,115.900,115.000,116.500,114.200,473.36K,1.49%
7/17/2019,115.500,116.000,116.300,115.000,213.64K,-0.35%
7/18/2019,114.800,115.000,115.900,114.800,454.56K,-0.61%
7/19/2019,116.000,114.800,116.000,114.800,476.26K,1.05%
7/22/2019,103.556,103.111,103.556,102.222,445.39K,-10.73%
7/23/2019,106.489,103.556,106.933,103.556,1.69M,2.83%
7/24/2019,108.445,107.111,108.622,106.845,744.60K,1.84%
7/25/2019,109.511,107.200,111.200,107.200,833.00K,0.98%
7/26/2019,108.533,109.067,109.600,108.089,468.63K,-0.89%
7/29/2019,110.578,109.333,110.578,108.533,637.73K,1.88%
7/30/2019,108.889,110.578,111.111,108.445,412.50K,-1.53%
7/31/2019,108.445,108.889,109.511,106.845,457.30K,-0.41%
8/1/2019,110.578,109.333,110.667,108.889,411.58K,1.97%
8/2/2019,108.889,108.445,109.422,108.356,543.51K,-1.53%
8/5/2019,104.889,108.533,108.533,104.889,855.02K,-3.67%
8/6/2019,106.489,103.111,106.489,102.667,496.79K,1.53%
8/7/2019,104.889,106.489,106.845,104.533,389.19K,-1.50%
8/8/2019,108.445,104.889,108.889,104.889,613.32K,3.39%
8/9/2019,106.845,108.445,108.889,106.845,451.11K,-1.48%
8/12/2019,106.667,106.845,107.733,106.667,120.89K,-0.17%
8/13/2019,104.978,106.578,106.667,104.889,349.12K,-1.58%
8/14/2019,105.422,106.222,106.667,105.067,340.22K,0.42%
8/15/2019,107.556,104.000,107.556,104.000,368.01K,2.02%
8/16/2019,108.445,106.311,108.711,106.311,390.80K,0.83%
8/19/2019,108.356,108.889,108.889,108.000,238.44K,-0.08%
8/20/2019,107.556,108.356,108.889,107.556,232.36K,-0.74%
8/21/2019,108.800,107.556,108.889,107.556,284.42K,1.16%
8/22/2019,112.089,109.333,112.445,109.067,755.97K,3.02%
8/23/2019,111.111,112.089,112.089,110.756,577.41K,-0.87%
8/26/2019,110.933,111.111,111.111,109.689,400.42K,-0.16%
8/27/2019,108.889,111.022,111.733,108.889,446.92K,-1.84%
8/28/2019,108.445,108.622,109.778,108.356,273.07K,-0.41%
8/29/2019,108.889,109.778,109.778,107.645,394.27K,0.41%
8/30/2019,109.778,108.889,110.133,108.445,248.30K,0.82%
9/3/2019,109.333,109.778,110.578,108.622,196.20K,-0.40%
9/4/2019,108.800,109.333,109.778,108.178,433.69K,-0.49%
9/5/2019,108.445,109.245,109.689,108.445,341.00K,-0.33%
9/6/2019,107.645,108.445,109.333,107.556,315.37K,-0.74%
9/9/2019,108.978,108.356,109.156,107.645,186.45K,1.24%
9/10/2019,108.445,109.333,109.511,108.445,278.08K,-0.49%
9/11/2019,108.000,108.445,109.156,107.556,198.70K,-0.41%
9/12/2019,108.000,108.000,108.533,107.822,211.70K,0.00%
9/13/2019,108.800,108.533,109.245,107.378,313.31K,0.74%
9/16/2019,109.156,108.445,110.845,108.445,372.00K,0.33%
9/17/2019,109.156,108.533,110.045,108.445,468.93K,0.00%
9/18/2019,108.622,108.889,109.156,108.533,204.56K,-0.49%
9/19/2019,108.000,108.889,109.156,107.911,388.40K,-0.57%
9/20/2019,106.133,107.911,108.356,106.133,2.06M,-1.73%
9/23/2019,105.778,106.222,107.022,105.689,538.68K,-0.33%
9/24/2019,106.756,105.778,107.022,105.778,290.34K,0.92%
9/25/2019,106.400,106.756,106.933,105.778,288.66K,-0.33%
9/26/2019,105.778,106.667,106.667,105.600,375.75K,-0.58%
9/27/2019,106.489,105.778,106.933,105.600,297.34K,0.67%
9/30/2019,106.489,106.667,107.733,106.311,347.27K,0.00%
10/1/2019,106.578,107.111,107.467,106.400,170.96K,0.08%
10/2/2019,104.889,106.578,107.111,104.889,613.42K,-1.58%
10/3/2019,104.889,104.178,104.889,104.089,731.77K,0.00%
10/4/2019,104.889,104.889,105.511,104.622,280.18K,0.00%
10/7/2019,104.000,104.889,104.978,103.556,525.51K,-0.85%
10/8/2019,104.089,104.178,104.267,103.467,397.96K,0.09%
10/9/2019,104.000,103.911,105.156,103.733,249.22K,-0.09%
10/10/2019,103.911,104.445,104.622,103.822,307.65K,-0.09%
10/11/2019,104.889,104.445,104.889,103.733,370.07K,0.94%
10/14/2019,104.889,105.333,106.489,104.445,402.92K,0.00%
10/15/2019,105.245,104.889,106.045,104.889,249.83K,0.34%
10/16/2019,104.889,105.778,105.778,104.622,252.75K,-0.34%
10/17/2019,104.000,104.800,105.333,103.911,539.00K,-0.85%
10/18/2019,104.000,104.000,104.000,103.556,294.14K,0.00%
10/21/2019,103.911,104.000,105.156,103.111,231.28K,-0.09%
10/22/2019,103.822,104.889,104.889,103.822,197.65K,-0.09%
10/23/2019,104.089,103.822,104.445,103.822,146.48K,0.26%
10/24/2019,104.178,104.089,104.178,103.556,446.52K,0.09%
10/25/2019,104.178,104.000,104.356,103.733,330.42K,0.00%
10/28/2019,104.622,104.000,104.978,103.733,301.91K,0.43%
10/29/2019,104.711,104.622,104.800,104.356,210.40K,0.08%
10/30/2019,106.311,104.889,106.578,104.711,676.05K,1.53%
10/31/2019,105.778,106.667,107.022,105.778,945.81K,-0.50%
11/1/2019,108.889,106.667,108.889,106.222,842.70K,2.94%
11/4/2019,108.178,108.889,108.889,107.289,348.39K,-0.65%
11/5/2019,108.000,107.556,108.445,107.467,293.09K,-0.16%
11/6/2019,108.356,108.000,108.889,107.556,582.53K,0.33%
11/7/2019,107.378,108.445,108.711,107.378,277.58K,-0.90%
11/8/2019,107.111,108.089,108.089,106.667,554.57K,-0.25%
11/11/2019,105.689,107.111,107.111,105.689,316.46K,-1.33%
11/12/2019,106.133,105.689,106.578,105.422,178.34K,0.42%
11/13/2019,105.778,105.689,106.133,105.245,363.93K,-0.33%
11/14/2019,106.045,105.778,106.489,105.600,281.36K,0.25%
11/15/2019,106.311,105.956,107.378,105.600,268.21K,0.25%
11/18/2019,104.978,106.489,106.489,104.800,301.30K,-1.25%
11/19/2019,104.089,104.889,105.067,103.822,552.95K,-0.85%
11/20/2019,103.111,104.178,104.178,103.111,793.59K,-0.94%
11/21/2019,102.489,104.000,104.000,101.156,1.76M,-0.60%
11/22/2019,103.289,103.022,103.911,102.489,347.56K,0.78%
11/25/2019,103.111,103.289,103.289,102.667,263.45K,-0.17%
11/26/2019,102.400,103.111,103.111,102.311,1.16M,-0.69%
11/27/2019,102.756,102.400,103.378,102.311,342.71K,0.35%
11/28/2019,102.845,102.311,103.111,101.600,262.10K,0.09%
11/29/2019,102.845,102.845,103.200,101.778,230.67K,0.00%
12/2/2019,102.222,102.667,103.378,101.156,337.55K,-0.61%
12/3/2019,102.222,102.222,103.378,101.511,337.65K,0.00%
12/4/2019,102.667,101.511,102.667,101.511,202.39K,0.43%
12/5/2019,102.933,103.111,103.200,102.667,188.16K,0.26%
12/6/2019,103.022,103.111,103.378,102.578,162.83K,0.09%
12/9/2019,103.022,102.933,103.022,102.222,211.87K,0.00%
12/10/2019,103.022,102.667,103.022,100.978,647.79K,0.00%
12/11/2019,103.022,103.022,103.022,101.778,339.04K,0.00%
12/12/2019,103.111,103.111,103.111,102.400,375.81K,0.09%
12/13/2019,103.111,102.933,103.111,102.133,332.29K,0.00%
12/16/2019,102.933,103.111,103.111,102.045,424.14K,-0.17%
12/17/2019,102.933,102.933,102.933,101.778,307.16K,0.00%
12/18/2019,102.933,102.222,103.022,101.778,952.98K,0.00%
12/19/2019,102.933,102.222,103.111,101.333,1.10M,0.00%
12/20/2019,102.933,102.933,102.933,101.956,944.10K,0.00%
12/23/2019,102.845,102.933,102.933,101.600,665.30K,-0.09%
12/24/2019,102.667,102.756,102.756,101.600,506.21K,-0.17%
12/25/2019,102.667,102.489,102.667,101.600,391.89K,0.00%
12/26/2019,102.578,102.489,102.845,101.689,570.81K,-0.09%
12/27/2019,102.400,102.578,102.578,101.333,634.58K,-0.17%
12/30/2019,102.222,101.778,102.222,101.511,567.09K,-0.17%
12/31/2019,102.222,102.222,102.222,101.422,691.46K,0.00%
1/2/2020,102.222,102.133,102.222,101.333,495.32K,0.00%
1/3/2020,102.489,102.222,102.489,101.600,280.06K,0.26%
1/6/2020,101.778,102.222,102.222,101.689,339.65K,-0.69%
1/7/2020,101.956,101.778,102.222,101.600,206.90K,0.17%
1/8/2020,101.600,101.778,101.956,100.978,527.52K,-0.35%
1/9/2020,101.956,101.600,102.311,101.511,308.10K,0.35%
1/10/2020,102.045,102.222,102.222,101.956,179.01K,0.09%
1/13/2020,102.133,101.956,102.311,101.778,165.02K,0.09%
1/14/2020,102.222,102.133,102.311,101.600,113.79K,0.09%
1/15/2020,102.222,102.222,102.222,101.600,231.30K,0.00%
1/16/2020,102.222,102.222,102.311,101.600,210.08K,0.00%
1/17/2020,102.133,102.133,102.311,101.689,190.24K,-0.09%
1/20/2020,102.133,102.133,102.133,101.600,417.00K,0.00%
1/21/2020,102.133,101.600,102.222,101.600,204.20K,0.00%
1/22/2020,102.133,102.133,102.133,101.511,418.25K,0.00%
1/30/2020,102.133,101.422,102.133,99.645,768.06K,0.00%
1/31/2020,102.045,102.133,102.133,100.978,935.71K,-0.09%
2/3/2020,102.045,101.156,102.045,99.822,855.47K,0.00%
2/4/2020,102.045,100.978,102.045,99.378,1.67M,0.00%
2/5/2020,101.778,102.045,102.045,100.445,526.97K,-0.26%
2/6/2020,101.689,101.778,101.956,100.267,760.83K,-0.09%
2/7/2020,101.689,101.333,101.689,99.556,1.46M,0.00%
2/10/2020,101.067,100.445,101.422,100.445,216.79K,-0.61%
2/11/2020,100.800,100.889,101.511,100.445,326.96K,-0.26%
2/12/2020,99.556,100.800,100.800,99.556,509.39K,-1.23%
2/13/2020,99.911,99.111,100.178,99.022,321.01K,0.36%
2/14/2020,97.778,99.822,100.089,97.778,283.94K,-2.14%
2/17/2020,96.000,97.778,97.778,93.333,835.00K,-1.82%
2/18/2020,92.889,95.111,95.111,92.445,890.85K,-3.24%
2/19/2020,93.333,92.000,95.111,92.000,984.74K,0.48%
2/20/2020,97.778,94.222,97.778,93.333,397.77K,4.76%
2/21/2020,97.689,96.533,97.778,95.822,347.69K,-0.09%
2/24/2020,95.378,95.200,96.000,93.778,1.61M,-2.37%
2/25/2020,95.111,94.845,95.378,94.133,611.80K,-0.28%
2/26/2020,94.133,92.445,94.756,92.445,703.59K,-1.03%
2/27/2020,93.867,94.045,94.222,92.533,832.97K,-0.28%
2/28/2020,93.689,93.333,93.689,91.556,979.70K,-0.19%
3/2/2020,93.689,92.445,93.689,91.289,834.90K,0.00%
3/3/2020,93.778,93.422,93.867,92.889,627.69K,0.09%
3/4/2020,93.778,92.978,93.778,92.000,499.29K,0.00%
3/5/2020,93.867,93.422,94.133,92.267,396.34K,0.09%
3/6/2020,93.333,93.333,93.333,91.645,844.68K,-0.57%
3/9/2020,86.845,90.222,90.667,86.845,1.09M,-6.95%
3/10/2020,86.845,82.667,88.178,81.067,928.68K,0.00%
3/11/2020,86.222,87.111,87.111,80.978,1.18M,-0.72%
3/12/2020,81.600,80.889,82.045,80.267,2.13M,-5.36%
3/13/2020,82.222,76.445,82.222,75.911,1.38M,0.76%
3/16/2020,82.222,81.778,82.222,76.978,1.09M,0.00%
3/17/2020,78.667,79.556,82.045,77.867,766.50K,-4.32%
3/18/2020,79.111,78.133,80.000,76.889,883.56K,0.56%
3/19/2020,78.845,77.245,78.845,73.867,1.24M,-0.34%
3/20/2020,73.333,78.845,78.845,73.333,1.22M,-6.99%
3/23/2020,68.267,69.333,69.600,68.267,762.93K,-6.91%
3/24/2020,63.556,63.822,66.667,63.556,1.66M,-6.90%
3/25/2020,68.000,63.556,68.000,60.445,1.58M,6.99%
3/26/2020,72.711,68.978,72.711,67.200,1.40M,6.93%
3/27/2020,77.156,72.889,77.689,70.667,1.29M,6.11%
3/30/2020,72.356,71.822,72.889,71.822,991.40K,-6.22%
3/31/2020,74.133,72.356,77.333,71.467,1.46M,2.46%
4/1/2020,76.445,73.333,77.333,72.000,492.55K,3.12%
4/3/2020,80.889,76.445,80.889,76.445,1.33M,5.81%
4/6/2020,86.489,81.778,86.489,81.156,3.04M,6.92%
4/7/2020,86.489,86.756,89.689,82.667,3.21M,0.00%
4/8/2020,83.556,86.222,86.222,83.556,855.14K,-3.39%
4/9/2020,85.333,83.556,86.489,83.378,1.76M,2.13%
4/10/2020,84.445,85.333,86.045,83.289,1.11M,-1.04%
4/13/2020,85.333,85.156,85.333,84.356,1.59M,1.05%
4/14/2020,84.978,85.778,85.778,84.000,710.58K,-0.42%
4/15/2020,85.333,84.978,85.333,84.356,1.32M,0.42%
4/16/2020,85.245,85.333,85.333,84.178,951.28K,-0.10%
4/17/2020,85.422,84.711,85.422,79.289,1.34M,0.21%
4/20/2020,85.511,85.422,85.689,84.356,1.19M,0.10%
4/21/2020,82.667,84.889,84.889,82.222,1.00M,-3.33%
4/22/2020,82.222,81.778,82.489,80.445,994.58K,-0.54%
4/23/2020,82.667,82.667,84.356,82.400,390.85K,0.54%
4/24/2020,82.667,82.667,83.467,82.133,337.77K,0.00%
4/27/2020,81.778,84.445,84.445,81.778,510.44K,-1.08%
4/28/2020,81.778,82.222,82.578,81.333,250.79K,0.00%
4/29/2020,81.689,82.667,83.022,80.445,353.70K,-0.11%
5/4/2020,81.600,81.689,82.222,80.000,291.99K,-0.11%
5/5/2020,82.400,81.600,82.667,81.600,309.04K,0.98%
5/6/2020,84.445,82.311,84.445,82.222,870.27K,2.48%
5/7/2020,85.333,84.445,85.333,83.556,695.03K,1.05%
5/8/2020,86.667,85.689,88.889,85.422,1.89M,1.56%
5/11/2020,86.667,87.111,87.111,85.245,1.53M,0.00%
5/12/2020,86.222,86.578,86.578,84.445,866.28K,-0.51%
5/13/2020,84.445,84.533,85.333,81.333,2.98M,-2.06%
5/14/2020,85.333,84.445,85.956,83.467,1.13M,1.05%
5/15/2020,86.222,85.333,86.667,85.156,368.61K,1.04%
5/18/2020,85.778,86.222,86.222,84.889,258.12K,-0.52%
5/19/2020,85.778,86.311,86.578,85.333,821.08K,0.00%
5/20/2020,85.867,85.689,86.222,85.422,286.57K,0.10%
5/21/2020,87.111,86.222,87.111,86.133,758.68K,1.45%
5/22/2020,85.689,87.111,87.111,85.689,329.55K,-1.63%
5/25/2020,86.311,85.511,86.311,85.333,243.45K,0.73%
5/26/2020,86.133,86.222,86.667,85.689,405.00K,-0.21%
5/27/2020,86.133,86.133,87.022,85.778,665.37K,0.00%
5/28/2020,86.222,86.133,86.667,85.600,354.14K,0.10%
5/29/2020,86.222,86.222,86.667,85.867,555.19K,0.00%
6/1/2020,86.400,86.222,86.400,85.778,541.68K,0.21%
6/2/2020,85.956,86.400,86.400,85.778,564.41K,-0.51%
6/3/2020,86.045,85.778,86.045,84.889,524.73K,0.10%
6/4/2020,85.333,86.045,86.045,85.333,619.58K,-0.83%
6/5/2020,84.445,85.333,85.511,84.445,591.60K,-1.04%
6/8/2020,85.333,84.622,86.756,84.622,542.45K,1.05%
6/9/2020,85.511,86.222,86.222,85.422,358.20K,0.21%
6/10/2020,84.978,85.511,85.511,84.800,549.55K,-0.62%
6/11/2020,82.667,84.978,85.511,82.667,856.73K,-2.72%
6/12/2020,81.600,80.000,82.222,79.911,985.43K,-1.29%
6/15/2020,79.111,82.667,82.667,79.111,890.67K,-3.05%
6/16/2020,83.022,81.333,84.267,79.911,740.79K,4.94%
6/17/2020,81.689,82.667,83.022,80.445,428.49K,-1.61%
6/18/2020,80.889,81.689,82.222,80.800,351.96K,-0.98%
6/19/2020,86.489,80.889,86.489,80.889,2.07M,6.92%
6/22/2020,86.133,86.222,86.222,84.622,571.52K,-0.41%
6/23/2020,83.733,85.511,85.600,83.733,486.71K,-2.79%
6/24/2020,84.178,84.000,84.533,83.556,241.11K,0.53%
6/25/2020,83.022,82.933,83.911,82.489,190.65K,-1.37%
6/26/2020,81.333,83.111,83.911,81.333,250.02K,-2.03%
6/29/2020,79.111,81.333,81.689,79.111,404.29K,-2.73%
6/30/2020,79.111,80.889,80.889,79.111,394.37K,0.00%
7/1/2020,80.889,80.444,81.333,79.111,103.57K,2.25%
7/2/2020,79.911,80.533,80.978,79.556,473.29K,-1.21%
7/3/2020,80.178,80.800,80.889,79.911,183.73K,0.33%
7/6/2020,81.244,80.178,81.689,80.178,319.52K,1.33%
7/7/2020,80.889,81.333,81.956,80.889,378.97K,-0.44%
7/8/2020,80.711,80.711,81.333,80.089,210.88K,-0.22%
7/9/2020,80.889,80.711,81.600,80.622,449.67K,0.22%
7/10/2020,81.244,80.889,81.778,80.889,217.50K,0.44%
7/13/2020,81.156,81.333,81.422,80.889,393.54K,-0.11%
7/14/2020,81.156,81.156,81.600,80.178,383.61K,0.00%
7/15/2020,80.444,81.511,81.511,80.444,432.27K,-0.88%
7/16/2020,82.667,80.800,82.667,80.533,369.06K,2.76%
7/17/2020,81.333,81.333,81.778,80.889,241.35K,-1.61%
7/20/2020,80.178,80.889,81.244,80.178,250.20K,-1.42%
7/21/2020,80.178,81.067,81.067,80.178,248.24K,0.00%
7/22/2020,79.822,80.000,80.889,79.822,227.37K,-0.44%
7/23/2020,80.000,80.000,80.267,79.556,204.39K,0.22%
7/24/2020,78.222,79.911,80.000,74.667,758.73K,-2.22%
7/27/2020,75.556,74.578,76.444,73.689,928.21K,-3.41%
7/28/2020,75.733,75.556,77.333,71.022,601.09K,0.23%
7/29/2020,74.222,74.667,75.556,73.778,426.79K,-2.00%
7/30/2020,75.644,74.222,76.000,74.222,272.28K,1.92%
7/31/2020,77.778,74.667,80.000,74.489,1.06M,2.82%
8/3/2020,77.867,75.556,78.311,75.556,184.85K,0.11%
8/4/2020,78.222,78.844,78.844,77.689,257.88K,0.46%
8/5/2020,77.333,78.222,78.667,75.378,488.80K,-1.14%
8/6/2020,77.778,78.222,78.400,77.422,373.88K,0.58%
8/7/2020,77.778,77.867,78.400,77.600,205.31K,0.00%
8/10/2020,78.400,78.222,79.911,77.689,610.37K,0.80%
8/11/2020,77.778,79.289,79.289,77.778,242.25K,-0.79%
8/12/2020,77.689,77.778,78.667,77.689,340.12K,-0.11%
8/13/2020,78.222,78.667,79.111,77.778,516.01K,0.69%
8/14/2020,77.689,78.222,79.111,77.689,735.83K,-0.68%
8/17/2020,77.956,77.333,78.667,77.156,423.22K,0.34%
8/18/2020,76.889,77.600,77.956,76.622,869.25K,-1.37%
8/19/2020,76.889,76.889,77.867,76.889,390.53K,0.00%
8/20/2020,76.444,76.978,77.511,76.444,1.11M,-0.58%
8/21/2020,76.533,76.444,77.244,76.356,423.89K,0.12%
8/24/2020,79.111,76.889,79.111,76.889,1.18M,3.37%
8/25/2020,80.889,79.111,81.689,79.111,1.21M,2.25%
8/26/2020,80.889,80.711,81.067,80.000,615.69K,0.00%
8/27/2020,80.889,80.089,80.889,80.089,492.69K,0.00%
8/28/2020,79.911,81.156,82.044,79.911,715.52K,-1.21%
8/31/2020,80.000,80.000,81.333,80.000,311.15K,0.11%
9/1/2020,82.400,80.178,83.556,79.911,759.72K,3.00%
9/3/2020,84.000,83.111,84.978,82.400,1.17M,1.94%
9/4/2020,83.556,84.000,84.889,82.933,929.20K,-0.53%
9/7/2020,81.333,83.556,84.711,81.333,523.57K,-2.66%
9/8/2020,80.444,81.422,82.222,80.444,700.08K,-1.09%
9/9/2020,80.444,80.356,82.133,79.467,974.11K,0.00%
9/10/2020,80.444,80.889,82.222,80.444,473.80K,0.00%
9/11/2020,80.978,80.000,82.044,79.911,462.77K,0.66%
9/14/2020,82.756,81.156,83.200,81.067,685.05K,2.20%
9/15/2020,84.444,82.844,84.444,82.844,1.11M,2.04%
9/16/2020,84.889,84.356,84.889,82.756,612.34K,0.53%
9/17/2020,83.556,82.756,84.889,82.667,938.10K,-1.57%
9/18/2020,83.556,84.444,84.800,83.111,1.23M,0.00%
9/21/2020,85.333,83.556,85.333,83.556,643.34K,2.13%
9/22/2020,84.089,85.333,85.511,84.089,568.38K,-1.46%
9/23/2020,84.000,84.444,85.067,84.000,125.81K,-0.11%
9/24/2020,82.667,83.378,84.889,82.667,437.56K,-1.59%
9/25/2020,82.489,84.000,84.267,82.489,463.74K,-0.22%
9/28/2020,82.489,82.667,83.733,82.489,228.19K,0.00%
9/29/2020,81.333,83.556,83.556,81.333,443.80K,-1.40%
9/30/2020,81.333,81.333,83.022,81.333,469.53K,0.00%
10/1/2020,82.222,81.689,83.022,81.689,239.07K,1.09%
10/2/2020,83.556,82.222,83.556,81.778,450.87K,1.62%
10/5/2020,82.933,83.556,83.556,81.778,101.76K,-0.75%
10/6/2020,81.600,82.933,82.933,81.600,586.34K,-1.61%
10/7/2020,82.222,81.333,83.111,80.889,429.21K,0.76%
10/8/2020,82.044,81.778,82.578,81.333,244.11K,-0.22%
10/9/2020,83.200,82.044,83.289,82.044,348.28K,1.41%
10/12/2020,83.467,83.200,83.556,82.222,367.08K,0.32%
10/13/2020,83.644,83.467,83.644,83.022,305.99K,0.21%
10/14/2020,84.444,83.644,84.444,83.556,437.92K,0.96%
10/15/2020,86.667,84.533,86.667,80.889,1.53M,2.63%
10/16/2020,86.756,87.200,87.200,86.133,671.16K,0.10%
10/19/2020,86.844,86.933,87.022,86.578,416.91K,0.10%
10/20/2020,86.933,86.578,87.022,85.156,575.16K,0.10%
10/21/2020,86.489,86.933,87.022,85.956,193.51K,-0.51%
10/22/2020,88.978,86.222,88.978,86.044,699.31K,2.88%
10/23/2020,92.444,89.067,93.244,88.889,1.98M,3.90%
10/26/2020,93.422,96.889,97.333,93.244,1.10M,1.06%
10/27/2020,93.956,95.111,95.200,92.444,904.52K,0.57%
10/28/2020,89.067,93.956,95.111,87.822,1.33M,-5.20%
10/29/2020,89.511,89.067,91.556,88.889,1.49M,0.50%
10/30/2020,94.667,90.222,94.667,89.511,1.09M,5.76%
11/2/2020,94.667,94.667,95.111,93.333,777.50K,0.00%
11/3/2020,92.800,95.111,95.111,92.800,844.95K,-1.97%
11/4/2020,92.000,92.711,92.800,91.556,557.26K,-0.86%
11/5/2020,92.889,92.622,95.022,92.444,888.59K,0.97%
11/6/2020,93.422,94.222,94.222,92.889,666.93K,0.57%
11/9/2020,94.311,93.422,94.400,93.067,904.14K,0.95%
11/10/2020,93.867,94.667,95.289,93.867,879.73K,-0.47%
11/11/2020,94.044,93.867,94.222,91.556,1.16M,0.19%
11/12/2020,94.933,94.044,94.933,93.333,767.99K,0.95%
11/13/2020,95.467,94.933,96.000,94.311,602.27K,0.56%
11/16/2020,90.667,95.467,96.444,88.889,2.00M,-5.03%
11/17/2020,94.222,91.556,94.222,90.844,970.11K,3.92%
11/18/2020,93.244,94.222,94.222,91.556,845.18K,-1.04%
11/19/2020,92.444,93.156,93.156,91.556,1.34M,-0.86%
11/20/2020,92.267,92.889,92.889,91.911,600.57K,-0.19%
11/23/2020,92.267,92.444,93.422,91.644,827.61K,0.00%
11/24/2020,92.444,92.356,93.333,91.644,913.75K,0.19%
11/25/2020,93.867,92.533,94.400,92.533,1.38M,1.54%
11/26/2020,94.311,93.333,94.400,92.889,613.63K,0.47%
11/27/2020,93.511,94.222,94.311,93.156,810.93K,-0.85%
11/30/2020,92.356,93.511,93.778,92.267,1.80M,-1.24%
12/1/2020,93.333,91.556,93.333,91.378,1.07M,1.06%
12/2/2020,93.333,93.244,93.778,92.622,560.15K,0.00%
12/3/2020,94.044,93.333,94.044,92.711,823.22K,0.76%
12/4/2020,94.044,94.044,94.667,92.889,896.69K,0.00%
12/7/2020,94.044,94.222,94.222,93.422,763.49K,0.00%
12/8/2020,93.333,94.044,94.044,93.156,840.69K,-0.76%
12/9/2020,94.222,93.333,94.222,92.800,888.51K,0.95%
12/10/2020,93.244,94.222,95.111,93.244,1.10M,-1.04%
12/11/2020,94.933,93.244,94.933,93.244,640.53K,1.81%
12/14/2020,96.800,94.844,96.800,93.778,1.26M,1.97%
12/15/2020,95.111,96.800,96.800,94.844,1.36M,-1.74%
12/16/2020,95.111,94.933,95.200,94.133,850.72K,0.00%
12/17/2020,93.067,95.111,95.111,92.978,1.52M,-2.15%
12/18/2020,93.067,93.067,94.311,92.889,1.52M,0.00%
12/21/2020,94.578,93.778,94.578,93.244,660.49K,1.62%
12/22/2020,93.956,94.222,95.556,93.600,583.11K,-0.66%
12/23/2020,93.956,93.956,95.111,93.689,789.11K,0.00%
12/24/2020,93.956,95.111,95.111,92.444,935.37K,0.00%
12/25/2020,94.133,93.956,94.578,93.333,416.59K,0.19%
12/28/2020,94.133,94.133,94.756,93.689,800.67K,0.00%
12/29/2020,94.667,94.311,94.756,94.044,688.90K,0.57%
12/30/2020,96.444,94.844,97.422,94.844,1.72M,1.88%
12/31/2020,96.178,96.444,97.156,93.778,738.04K,-0.28%
1/4/2021,96.000,96.444,96.889,94.667,1.11M,-0.19%
1/5/2021,97.511,95.289,97.689,95.289,1.34M,1.57%
1/6/2021,97.956,97.778,98.222,96.800,1.44M,0.46%
1/7/2021,97.867,98.133,98.667,96.889,970.09K,-0.09%
1/8/2021,99.378,97.867,100.178,97.867,1.52M,1.54%
1/11/2021,101.156,100.267,101.867,100.267,1.73M,1.79%
1/12/2021,101.689,103.111,103.111,101.067,1.10M,0.53%
1/13/2021,98.756,101.689,101.867,98.756,1.39M,-2.88%
1/14/2021,98.133,99.111,99.822,97.778,1.62M,-0.63%
1/15/2021,98.844,99.022,99.733,97.600,1.39M,0.72%
1/18/2021,98.044,99.556,99.644,97.867,930.26K,-0.81%
1/19/2021,91.289,98.044,98.044,91.200,1.54M,-6.89%
1/20/2021,91.822,91.556,93.333,91.111,2.11M,0.58%
1/21/2021,93.422,93.333,93.511,91.556,1.76M,1.74%
1/22/2021,93.333,93.422,94.667,93.333,1.23M,-0.10%
1/25/2021,93.156,93.333,94.044,92.533,930.71K,-0.19%
1/26/2021,90.222,93.156,93.333,88.533,1.16M,-3.15%
1/27/2021,88.889,90.222,91.556,88.444,1.68M,-1.48%
1/28/2021,82.667,83.822,85.333,82.667,1.96M,-7.00%
1/29/2021,88.356,82.222,88.444,82.222,1.90M,6.88%
2/1/2021,88.000,88.356,91.556,87.822,1.51M,-0.40%
2/2/2021,94.133,88.000,94.133,88.000,1.99M,6.97%
2/3/2021,95.556,93.333,96.000,93.333,1.91M,1.51%
2/4/2021,93.333,95.467,95.556,90.667,1.15M,-2.33%
2/5/2021,95.556,93.333,95.556,93.333,1.04M,2.38%
2/8/2021,89.778,95.822,95.822,89.778,3.85M,-6.05%
2/9/2021,94.400,92.444,94.667,90.222,1.98M,5.15%
2/17/2021,96.000,94.489,96.000,94.400,1.41M,1.69%
2/18/2021,97.778,95.556,97.778,94.311,1.61M,1.85%
2/19/2021,96.889,95.644,97.333,95.111,1.61M,-0.91%
2/22/2021,97.511,97.067,98.400,94.222,1.67M,0.64%
2/23/2021,97.778,96.178,99.289,95.556,1.57M,0.27%
2/24/2021,96.178,99.022,99.022,94.222,1.07M,-1.64%
2/25/2021,96.800,97.333,97.689,94.311,1.14M,0.65%
2/26/2021,96.889,94.400,97.689,94.400,1.04M,0.09%
3/1/2021,96.444,97.689,97.689,95.733,874.91K,-0.46%
3/2/2021,96.178,96.444,96.978,94.400,1.04M,-0.28%
3/3/2021,95.022,94.756,96.178,94.667,1.21M,-1.20%
3/4/2021,95.022,95.644,95.911,94.756,1.88M,0.00%
3/5/2021,94.489,95.022,95.556,94.044,1.46M,-0.56%
3/8/2021,94.222,94.667,95.111,93.333,1.56M,-0.28%
3/9/2021,92.711,93.333,94.489,88.889,1.79M,-1.60%
3/10/2021,94.222,92.889,94.222,90.756,648.34K,1.63%
3/11/2021,94.133,94.222,96.000,93.867,1.25M,-0.09%
3/12/2021,94.133,94.133,94.667,93.333,1.26M,0.00%
3/15/2021,94.222,94.133,94.400,93.689,2.96M,0.09%
3/16/2021,93.689,94.222,94.222,93.244,1.53M,-0.57%
3/17/2021,93.067,92.622,93.600,92.444,1.42M,-0.66%
3/18/2021,94.756,93.778,94.756,93.511,1.66M,1.81%
3/19/2021,96.356,93.867,96.356,93.867,1.83M,1.69%
3/22/2021,95.378,96.356,96.356,92.889,1.10M,-1.01%
3/23/2021,94.667,94.222,95.111,93.422,1.16M,-0.75%
3/24/2021,95.911,93.778,96.000,92.267,1.24M,1.31%
3/25/2021,98.133,95.378,99.911,95.200,4.86M,2.32%
3/26/2021,99.911,97.778,100.889,97.778,3.29M,1.81%
3/29/2021,100.267,100.000,100.889,99.822,3.53M,0.36%
3/30/2021,104.000,100.267,105.422,99.556,5.83M,3.72%
3/31/2021,104.800,104.444,106.222,104.000,3.18M,0.77%
4/1/2021,109.333,105.333,110.578,104.000,2.51M,4.33%
4/2/2021,109.333,110.133,110.133,108.000,2.54M,0.00%
4/5/2021,110.489,112.000,112.178,109.511,2.53M,1.06%
4/6/2021,112.889,110.489,115.111,110.222,2.23M,2.17%
4/7/2021,113.511,112.889,113.778,111.733,1.91M,0.55%
4/8/2021,111.467,114.133,114.133,110.222,1.70M,-1.80%
4/9/2021,111.022,110.933,111.467,109.422,1.97M,-0.40%
4/12/2021,117.333,111.022,118.044,109.689,3.92M,5.68%
4/13/2021,125.067,123.556,125.511,120.889,5.68M,6.59%
4/14/2021,124.444,124.444,126.044,122.756,4.62M,-0.50%
4/15/2021,125.244,124.356,128.889,124.356,3.85M,0.64%
4/16/2021,127.111,125.244,128.089,124.444,3.36M,1.49%
4/19/2021,128.000,126.311,128.178,125.422,3.17M,0.70%
4/20/2021,127.200,128.000,129.689,127.111,3.50M,-0.63%
4/22/2021,123.378,126.222,127.022,122.222,3.73M,-3.00%
4/23/2021,122.933,123.378,124.000,118.222,4.96M,-0.36%
4/26/2021,116.889,123.556,124.000,116.444,2.74M,-4.92%
4/27/2021,117.422,116.889,118.222,116.889,1.84M,0.46%
4/28/2021,116.889,117.422,118.400,115.378,1.81M,-0.45%
4/29/2021,116.444,116.889,118.222,116.178,2.45M,-0.38%
5/4/2021,118.756,116.089,119.911,112.800,1.95M,1.99%
5/5/2021,118.844,118.756,120.711,118.756,1.43M,0.07%
5/6/2021,117.778,118.844,119.111,116.444,1.20M,-0.90%
5/7/2021,117.333,117.333,117.333,114.222,1.99M,-0.38%
5/10/2021,117.778,117.333,117.778,114.756,1.24M,0.38%
5/11/2021,116.444,117.778,118.578,116.000,1.31M,-1.13%
5/12/2021,115.378,115.556,117.333,113.778,1.56M,-0.92%
5/13/2021,112.444,113.778,115.556,112.444,1.94M,-2.54%
5/14/2021,111.378,112.444,112.889,109.511,2.94M,-0.95%
5/17/2021,110.222,112.000,115.556,110.222,2.72M,-1.04%
5/18/2021,107.556,110.222,112.000,107.556,2.76M,-2.42%
5/19/2021,106.756,106.667,107.556,104.978,2.45M,-0.74%
5/20/2021,109.244,106.756,109.511,106.667,2.35M,2.33%
5/21/2021,108.889,109.333,109.333,107.111,1.83M,-0.32%
5/24/2021,108.533,108.889,109.867,107.556,2.23M,-0.33%
5/25/2021,108.711,108.800,108.800,107.733,1.70M,0.16%
5/26/2021,108.178,108.444,108.622,107.111,1.89M,-0.49%
5/27/2021,106.933,107.467,107.556,105.778,2.34M,-1.15%
5/28/2021,106.489,106.756,109.333,105.778,2.08M,-0.42%
5/31/2021,104.444,106.489,106.667,103.111,2.08M,-1.92%
6/1/2021,106.667,103.289,107.556,103.111,2.42M,2.13%
6/2/2021,104.444,106.844,108.356,104.000,3.52M,-2.08%
6/3/2021,105.333,104.889,105.600,104.000,2.80M,0.85%
6/4/2021,107.556,105.333,107.556,105.333,4.15M,2.11%
6/7/2021,109.333,109.156,112.444,108.444,4.14M,1.65%
6/8/2021,106.489,111.022,111.733,105.778,3.04M,-2.60%
6/9/2021,105.600,106.667,107.556,104.000,2.04M,-0.83%
6/10/2021,103.556,105.333,105.956,103.556,3.30M,-1.94%
6/11/2021,104.889,104.000,104.889,103.378,1.95M,1.29%
6/14/2021,106.667,105.067,107.111,104.978,2.17M,1.70%
6/15/2021,108.178,106.667,108.444,106.222,1.52M,1.42%
6/16/2021,105.867,108.178,108.178,105.778,1.33M,-2.14%
6/17/2021,104.000,104.889,105.689,104.000,3.20M,-1.76%
6/18/2021,104.356,104.889,105.156,104.000,2.01M,0.34%
6/21/2021,104.356,104.444,105.689,104.267,1.68M,0.00%
6/22/2021,104.444,104.889,105.511,104.089,2.43M,0.08%
6/23/2021,103.911,104.889,104.978,103.556,1.44M,-0.51%
6/24/2021,104.444,104.800,105.067,103.822,1.55M,0.51%
6/25/2021,104.444,104.178,104.889,103.733,1.98M,0.00%
6/28/2021,103.733,104.444,104.533,103.733,1.92M,-0.68%
6/29/2021,104.889,103.911,106.044,103.911,2.63M,1.11%
6/30/2021,105.778,104.889,108.000,104.889,3.02M,0.85%
7/1/2021,105.422,106.400,106.578,105.333,2.47M,-0.34%
7/2/2021,104.444,104.978,105.689,104.444,2.01M,-0.93%
7/5/2021,102.222,104.444,104.444,102.133,3.11M,-2.13%
7/6/2021,99.556,102.222,103.111,99.556,3.38M,-2.61%
7/7/2021,101.333,99.556,101.333,97.778,2.82M,1.78%
7/8/2021,98.667,100.444,100.444,98.222,1.67M,-2.63%
7/9/2021,96.533,98.489,98.667,95.556,2.01M,-2.16%
7/12/2021,92.444,96.444,97.778,90.400,3.22M,-4.24%
7/13/2021,91.556,92.533,93.422,88.000,2.65M,-0.96%
7/14/2021,91.556,91.556,94.578,90.667,2.91M,0.00%
7/15/2021,90.667,91.556,92.178,89.956,2.91M,-0.97%
7/16/2021,94.044,90.756,94.311,90.756,2.43M,3.72%
7/19/2021,91.467,91.644,93.333,89.333,2.08M,-2.74%
7/20/2021,91.556,91.200,91.822,88.889,2.40M,0.10%
7/21/2021,92.444,91.644,94.667,90.667,3.11M,0.97%
7/22/2021,94.400,92.444,94.933,92.178,2.52M,2.12%
7/23/2021,92.444,94.400,96.711,92.444,3.47M,-2.07%
7/26/2021,92.622,93.156,93.689,91.644,2.18M,0.19%
7/27/2021,92.711,93.333,94.044,92.711,1.62M,0.10%
7/28/2021,93.511,92.711,93.778,92.444,1.34M,0.86%
7/29/2021,93.422,93.778,93.867,92.889,1.21M,-0.10%
7/30/2021,95.289,95.111,95.378,94.222,2.63M,2.00%
8/2/2021,95.556,95.556,97.422,95.022,1.89M,0.28%
8/3/2021,101.778,97.244,102.222,96.889,8.20M,6.51%
8/4/2021,101.333,102.667,103.467,101.333,3.24M,-0.44%
8/5/2021,101.333,101.067,102.222,100.356,2.31M,0.00%
8/6/2021,100.711,102.222,103.022,100.711,3.40M,-0.61%
8/9/2021,100.533,100.622,101.067,99.200,3.62M,-0.18%
8/10/2021,100.444,102.222,102.222,100.444,3.18M,-0.09%
8/11/2021,98.667,100.444,101.333,98.667,2.68M,-1.77%
8/12/2021,98.756,98.667,100.356,98.222,2.06M,0.09%
8/13/2021,98.578,99.111,99.733,98.222,2.38M,-0.18%
8/16/2021,98.311,99.556,100.178,98.311,3.47M,-0.27%
8/17/2021,98.900,100.000,103.400,98.900,4.89M,0.60%
8/18/2021,97.900,99.000,100.200,97.900,2.30M,-1.01%
8/19/2021,104.000,97.900,104.000,96.700,3.52M,6.23%
8/20/2021,97.700,100.000,102.000,97.200,4.95M,-6.06%
8/23/2021,96.200,97.500,97.700,95.800,2.16M,-1.54%
8/24/2021,95.400,96.400,97.000,95.100,1.42M,-0.83%
8/25/2021,94.600,95.400,95.400,93.000,2.06M,-0.84%
8/26/2021,93.100,94.600,94.600,93.000,1.77M,-1.59%
8/27/2021,94.800,93.000,95.000,91.500,2.49M,1.83%
8/30/2021,94.100,95.000,95.300,94.100,1.41M,-0.74%
8/31/2021,94.100,94.100,95.100,93.800,1.53M,0.00%
9/1/2021,94.100,94.100,95.000,94.100,1.30M,0.00%
9/6/2021,95.000,94.400,95.800,94.200,1.93M,0.96%
9/7/2021,93.900,95.500,95.500,93.900,2.28M,-1.16%
9/8/2021,92.000,94.000,94.300,92.000,2.51M,-2.02%
9/9/2021,91.300,92.200,92.400,91.300,2.70M,-0.76%
9/10/2021,91.300,91.800,92.000,91.300,1.61M,0.00%
9/13/2021,92.000,91.800,93.400,91.600,1.83M,0.77%
9/14/2021,92.000,92.300,92.900,91.900,1.42M,0.00%
9/15/2021,91.400,92.000,92.400,91.300,1.04M,-0.65%
9/16/2021,87.800,91.400,91.400,87.800,15.13M,-3.94%
9/17/2021,86.800,88.000,89.200,86.800,5.57M,-1.14%
9/20/2021,86.700,87.000,88.900,86.000,4.01M,-0.12%
9/21/2021,85.600,85.500,86.400,85.000,4.52M,-1.27%
9/22/2021,86.100,85.600,86.900,85.400,2.85M,0.58%
9/23/2021,87.100,86.500,87.400,86.400,2.66M,1.16%
9/24/2021,87.000,87.100,87.500,86.300,3.21M,-0.11%
9/27/2021,86.100,87.000,87.500,83.200,3.00M,-1.03%
9/28/2021,86.500,85.300,87.000,85.200,2.39M,0.46%
9/29/2021,86.700,86.700,86.900,86.000,1.91M,0.23%
9/30/2021,88.000,86.500,89.400,86.500,3.40M,1.50%
10/1/2021,87.700,88.000,88.400,87.200,1.73M,-0.34%
10/4/2021,87.800,87.600,88.000,87.100,1.57M,0.11%
10/5/2021,88.600,87.800,88.800,87.100,2.37M,0.91%
10/6/2021,88.600,88.800,89.000,88.100,1.74M,0.00%
10/7/2021,88.800,88.300,89.500,88.300,2.29M,0.23%
10/8/2021,89.300,89.000,89.500,88.800,1.30M,0.56%
10/11/2021,91.900,89.400,92.000,89.400,2.69M,2.91%
10/12/2021,92.900,92.000,93.000,92.000,2.44M,1.09%
10/13/2021,93.100,93.000,93.800,92.800,2.58M,0.22%
10/14/2021,92.500,93.200,93.200,91.500,2.68M,-0.64%
10/15/2021,92.600,92.500,93.000,92.000,1.55M,0.11%
10/18/2021,92.600,92.300,92.900,91.100,2.04M,0.00%
10/19/2021,92.400,92.600,92.700,91.500,1.69M,-0.22%
10/20/2021,92.300,92.300,92.500,89.900,3.13M,-0.11%
10/21/2021,91.000,91.700,92.600,91.000,2.85M,-1.41%
10/22/2021,91.800,91.000,91.800,90.800,1.43M,0.88%
10/25/2021,92.100,91.900,92.500,91.200,1.34M,0.33%
10/26/2021,92.200,91.800,92.200,90.900,1.34M,0.11%
10/27/2021,95.000,92.000,95.000,91.600,3.91M,3.04%
10/28/2021,95.000,95.000,95.400,93.600,2.09M,0.00%
10/29/2021,95.800,94.200,96.500,94.200,2.27M,0.84%
11/1/2021,95.800,95.800,96.000,94.900,2.23M,0.00%
11/2/2021,95.800,95.700,96.000,94.900,1.65M,0.00%
11/3/2021,95.300,95.800,95.800,93.900,3.57M,-0.52%
11/4/2021,95.000,95.200,95.500,94.000,1.88M,-0.31%
11/5/2021,95.000,94.500,95.000,94.000,1.79M,0.00%
11/8/2021,94.900,95.000,95.500,94.500,1.79M,-0.11%
11/9/2021,94.900,95.400,95.400,93.200,2.37M,0.00%
11/10/2021,94.900,95.100,95.200,93.600,1.68M,0.00%
11/11/2021,94.800,94.900,95.000,93.900,2.19M,-0.11%
11/12/2021,94.500,94.800,94.800,93.900,1.13M,-0.32%
11/15/2021,95.000,94.500,95.100,94.000,1.92M,0.53%
11/16/2021,94.800,95.000,95.100,93.900,1.64M,-0.21%
11/17/2021,96.300,94.700,97.000,94.200,2.82M,1.58%
11/18/2021,94.500,97.000,98.500,94.500,3.87M,-1.87%
11/19/2021,94.800,94.600,96.000,94.000,2.03M,0.32%
11/22/2021,94.800,94.500,95.000,93.000,2.15M,0.00%
11/23/2021,94.800,94.000,95.000,93.500,1.38M,0.00%
11/24/2021,94.100,94.800,95.200,93.500,2.05M,-0.74%
11/25/2021,94.000,94.800,94.800,93.800,1.40M,-0.11%
11/26/2021,98.500,95.900,100.000,95.200,8.68M,4.79%
11/29/2021,105.300,99.000,105.300,98.500,8.74M,6.90%
11/30/2021,105.000,105.500,106.900,103.500,4.67M,-0.28%
12/1/2021,106.000,105.000,107.300,104.000,4.08M,0.95%
12/2/2021,107.200,106.000,108.500,105.100,4.43M,1.13%
12/3/2021,105.500,109.100,109.600,105.500,5.15M,-1.59%
12/6/2021,105.600,107.900,109.000,103.600,5.83M,0.09%
12/7/2021,106.700,107.400,107.500,105.600,3.03M,1.04%
12/8/2021,105.900,106.500,107.000,103.500,3.54M,-0.75%
12/9/2021,107.000,105.000,107.500,104.000,3.17M,1.04%
12/10/2021,103.100,107.000,107.200,103.100,3.08M,-3.64%
12/13/2021,103.200,102.700,104.500,101.000,4.08M,0.10%
12/14/2021,102.500,103.000,103.100,101.600,2.63M,-0.68%
12/15/2021,100.000,102.700,102.700,99.900,2.90M,-2.44%
12/16/2021,100.000,100.000,101.500,98.300,3.10M,0.00%
12/17/2021,102.000,100.000,102.700,98.800,6.66M,2.00%
12/20/2021,99.000,102.000,102.000,99.000,1.37M,-2.94%
12/21/2021,98.100,99.000,100.800,98.100,1.47M,-0.91%
12/22/2021,99.600,98.200,100.100,98.200,2.41M,1.53%
12/23/2021,96.000,99.600,100.000,96.000,2.77M,-3.61%
12/24/2021,96.500,96.500,96.900,95.100,1.42M,0.52%
12/27/2021,99.000,97.000,99.000,96.500,1.91M,2.59%
12/28/2021,98.400,99.100,99.300,96.500,1.74M,-0.61%
12/29/2021,95.500,98.000,98.000,95.200,2.29M,-2.95%
12/30/2021,95.000,95.800,96.400,95.000,1.66M,-0.52%
12/31/2021,95.100,95.200,96.300,94.200,1.27M,0.11%
1/4/2022,101.000,96.000,101.500,95.700,3.07M,6.20%
1/5/2022,100.000,100.800,102.200,99.500,3.40M,-0.99%
1/6/2022,104.500,101.000,106.400,100.500,5.06M,4.50%
1/7/2022,102.200,106.400,106.400,102.200,3.11M,-2.20%
1/10/2022,102.300,102.500,105.500,102.200,2.91M,0.10%
1/11/2022,101.000,102.000,102.000,99.800,2.24M,-1.27%
1/12/2022,100.800,101.500,101.500,98.000,2.34M,-0.20%
1/13/2022,98.800,101.000,101.000,98.500,1.96M,-1.98%
1/14/2022,98.900,98.200,99.600,98.200,1.02M,0.10%
1/17/2022,97.000,99.000,99.200,94.500,2.63M,-1.92%
1/18/2022,95.900,97.000,97.000,94.100,2.03M,-1.13%
1/19/2022,95.800,95.000,95.900,93.500,2.48M,-0.10%
1/20/2022,95.000,94.600,96.300,94.600,1.69M,-0.84%
1/21/2022,95.500,95.900,96.000,93.300,3.19M,0.53%
1/24/2022,95.000,94.900,96.000,92.500,3.94M,-0.52%
1/25/2022,96.000,95.000,97.700,93.400,3.20M,1.05%
1/26/2022,96.400,96.500,96.500,94.500,1.93M,0.42%
1/27/2022,96.500,96.500,96.500,94.200,2.56M,0.10%
1/28/2022,97.000,95.100,97.000,94.500,3.00M,0.52%
2/7/2022,91.200,96.400,97.500,91.200,7.41M,-5.98%
2/8/2022,87.300,91.300,92.300,86.700,8.01M,-4.28%
2/9/2022,85.700,87.600,88.700,84.900,8.81M,-1.83%
2/10/2022,84.000,85.700,86.000,81.700,11.09M,-1.98%
2/11/2022,81.700,83.000,83.600,81.500,7.85M,-2.74%
2/14/2022,81.800,81.700,84.000,80.700,4.97M,0.12%
2/15/2022,83.700,82.000,83.800,81.800,3.00M,2.32%
2/16/2022,82.900,83.900,83.900,82.700,1.99M,-0.96%
2/17/2022,83.100,82.800,83.500,82.000,2.87M,0.24%
2/18/2022,82.200,82.500,82.800,82.000,2.91M,-1.08%
2/21/2022,83.600,82.100,83.800,82.000,2.51M,1.70%
2/22/2022,82.000,83.000,83.300,81.800,2.98M,-1.91%
2/23/2022,82.500,82.100,82.500,82.000,1.44M,0.61%
2/24/2022,80.100,82.300,82.400,79.300,6.37M,-2.91%
2/25/2022,79.100,80.900,80.900,79.100,3.39M,-1.25%
2/28/2022,77.000,79.500,79.500,77.000,4.68M,-2.65%
3/1/2022,79.200,77.100,79.900,77.000,3.47M,2.86%
3/2/2022,78.900,79.200,79.200,77.200,2.40M,-0.38%
3/3/2022,79.000,78.900,80.400,78.300,2.61M,0.13%
3/4/2022,79.000,79.000,79.300,77.800,3.82M,0.00%
3/7/2022,78.500,78.400,79.000,77.300,2.44M,-0.63%
3/8/2022,77.900,78.000,78.900,77.100,4.29M,-0.76%
3/9/2022,78.000,78.100,78.700,77.300,3.05M,0.13%
3/10/2022,79.100,78.500,80.600,78.000,4.37M,1.41%
3/11/2022,79.000,78.800,79.000,77.800,2.22M,-0.13%
3/14/2022,78.300,78.800,78.800,77.400,2.62M,-0.89%
3/15/2022,78.300,78.000,78.600,77.000,2.73M,0.00%
3/16/2022,78.100,78.300,78.400,77.200,2.95M,-0.26%
3/17/2022,78.400,78.300,78.500,77.300,2.57M,0.38%
3/18/2022,78.800,78.300,79.500,77.400,5.52M,0.51%
3/21/2022,81.000,78.800,81.000,78.300,3.71M,2.79%
3/22/2022,82.200,81.000,82.400,81.000,3.63M,1.48%
3/23/2022,81.400,82.100,82.400,81.400,1.53M,-0.97%
3/24/2022,81.000,81.400,81.400,80.400,2.00M,-0.49%
3/25/2022,81.000,80.600,81.000,79.700,2.19M,0.00%
3/28/2022,80.500,79.900,81.200,79.700,2.34M,-0.62%
3/29/2022,80.800,80.000,81.800,79.800,2.80M,0.37%
3/30/2022,81.100,82.500,82.700,80.400,3.09M,0.37%
3/31/2022,81.200,81.100,82.300,81.000,1.37M,0.12%
4/1/2022,82.100,81.400,82.500,80.900,2.61M,1.11%
4/4/2022,82.700,82.500,82.800,81.500,2.73M,0.73%
4/5/2022,82.300,82.500,83.100,81.700,3.59M,-0.48%
4/6/2022,80.500,80.500,82.300,79.500,5.68M,-2.19%
4/7/2022,79.500,80.200,80.300,77.600,3.70M,-1.24%
4/8/2022,81.700,80.000,82.400,80.000,5.19M,2.77%
4/12/2022,81.300,81.400,81.400,80.300,2.36M,-0.49%
4/13/2022,82.200,81.000,82.300,80.700,3.15M,1.11%
4/14/2022,81.700,81.600,82.200,81.100,1.76M,-0.61%
4/15/2022,80.700,81.500,81.800,80.600,1.68M,-1.22%
4/18/2022,79.500,80.000,80.100,78.100,2.98M,-1.49%
4/19/2022,78.800,78.600,79.800,77.800,1.82M,-0.88%
4/20/2022,79.300,78.000,79.800,78.000,1.71M,0.63%
4/21/2022,77.500,79.000,79.500,77.500,2.68M,-2.27%
4/22/2022,77.700,77.700,79.000,77.600,1.87M,0.26%
4/25/2022,76.200,77.800,79.200,72.700,2.74M,-1.93%
4/26/2022,78.000,73.500,78.500,73.500,3.66M,2.36%
4/27/2022,78.000,77.500,78.000,75.000,2.79M,0.00%
4/28/2022,77.900,78.000,78.200,76.300,1.39M,-0.13%
4/29/2022,80.000,77.500,80.000,76.600,2.15M,2.70%
5/4/2022,79.700,79.600,80.000,77.700,1.44M,-0.38%
5/5/2022,80.000,79.600,80.000,78.500,1.86M,0.38%
5/6/2022,79.800,78.500,80.000,78.000,1.69M,-0.25%
5/9/2022,79.100,78.700,79.200,77.900,2.43M,-0.88%
5/10/2022,80.400,78.900,80.400,78.100,2.62M,1.64%
5/11/2022,80.500,80.200,80.500,78.700,1.98M,0.12%
5/12/2022,79.000,80.000,80.000,77.100,2.47M,-1.86%
5/13/2022,78.000,79.000,79.000,77.200,3.13M,-1.27%
5/16/2022,77.000,79.000,79.000,76.200,1.99M,-1.28%
5/17/2022,78.000,76.000,78.000,75.200,1.86M,1.30%
5/18/2022,78.000,78.000,78.000,76.000,2.96M,0.00%
5/19/2022,77.900,76.400,79.000,76.200,2.65M,-0.13%
5/20/2022,77.800,77.900,77.900,76.500,2.33M,-0.13%
5/23/2022,77.400,77.600,77.700,76.200,2.64M,-0.51%
5/24/2022,77.600,77.000,77.600,76.400,1.57M,0.26%
5/25/2022,77.700,77.600,78.100,76.700,1.36M,0.13%
5/26/2022,77.700,77.700,77.700,76.800,2.08M,0.00%
5/27/2022,78.000,77.400,78.000,77.000,1.58M,0.39%
5/30/2022,78.500,78.000,78.500,77.200,1.39M,0.64%
5/31/2022,78.800,78.000,79.500,77.700,1.78M,0.38%
6/1/2022,79.300,78.600,79.400,78.300,1.54M,0.63%
6/2/2022,78.900,79.200,79.200,77.600,2.94M,-0.50%
6/3/2022,78.800,78.100,79.200,78.000,1.25M,-0.13%
6/6/2022,78.500,78.700,78.900,77.900,1.50M,-0.38%
6/7/2022,78.000,78.500,78.500,77.700,1.56M,-0.64%
6/8/2022,78.100,77.800,78.700,77.600,1.44M,0.13%
6/9/2022,78.100,78.000,78.200,77.300,1.54M,0.00%
6/10/2022,78.000,77.800,78.200,77.500,979.60K,-0.13%
6/13/2022,76.400,76.600,77.400,76.200,1.80M,-2.05%
6/14/2022,76.600,76.200,76.600,75.200,2.06M,0.26%
6/15/2022,76.700,76.600,76.900,75.300,2.04M,0.13%
6/16/2022,76.600,76.000,77.700,75.800,1.60M,-0.13%
6/17/2022,76.600,75.800,76.600,75.100,3.73M,0.00%
6/20/2022,75.600,76.600,76.600,75.300,2.13M,-1.31%
6/21/2022,75.000,75.200,75.200,73.800,1.96M,-0.79%
6/22/2022,75.000,74.700,75.000,73.600,1.42M,0.00%
6/23/2022,74.200,74.100,74.200,73.000,1.55M,-1.07%
6/24/2022,74.600,73.500,74.600,72.000,1.51M,0.54%
6/27/2022,73.800,73.800,74.800,73.500,1.82M,-1.07%
6/28/2022,73.600,73.000,73.800,72.400,2.23M,-0.27%
6/29/2022,73.400,72.800,73.400,72.300,1.43M,-0.27%
6/30/2022,73.500,72.700,73.500,72.400,1.88M,0.14%
7/1/2022,72.600,73.200,73.400,72.100,1.87M,-1.22%
7/4/2022,72.700,72.400,72.700,72.200,758.30K,0.14%
7/5/2022,72.300,72.700,72.800,72.000,1.48M,-0.55%
7/6/2022,67.500,72.000,72.100,67.500,2.17M,-6.64%
7/7/2022,69.800,68.000,69.800,66.500,2.17M,3.41%
7/8/2022,70.000,70.000,70.700,67.500,1.41M,0.29%
7/11/2022,70.000,67.700,70.000,66.200,2.39M,0.00%
7/12/2022,69.900,68.600,70.200,68.000,1.21M,-0.14%
7/13/2022,69.500,68.600,70.000,68.300,2.00M,-0.57%
7/14/2022,69.500,69.500,69.800,68.500,1.41M,0.00%
7/15/2022,69.600,69.100,69.800,68.600,1.58M,0.14%
7/18/2022,68.000,69.600,69.600,68.000,1.09M,-2.30%
7/19/2022,68.800,68.000,69.000,68.000,655.40K,1.18%
7/20/2022,68.200,68.800,69.000,68.200,626.10K,-0.87%
7/21/2022,68.500,68.200,68.800,68.100,930.60K,0.44%
7/22/2022,66.500,68.100,68.500,66.500,674.70K,-2.92%
7/25/2022,67.300,66.900,67.400,66.500,755.80K,1.20%
7/26/2022,66.100,66.100,67.600,66.100,592.70K,-1.78%
7/27/2022,66.500,66.200,66.800,66.000,581.40K,0.61%
7/28/2022,67.000,66.600,67.100,66.000,1.15M,0.75%
7/29/2022,64.000,67.800,67.800,64.000,1.91M,-4.48%
8/1/2022,64.700,64.900,65.100,64.100,1.26M,1.09%
8/2/2022,66.600,64.800,66.600,64.500,1.37M,2.94%
8/3/2022,66.000,65.800,66.400,65.100,1.25M,-0.90%
8/4/2022,66.400,66.000,66.400,65.400,1.15M,0.61%
8/5/2022,65.400,65.900,66.200,65.200,1.13M,-1.51%
8/8/2022,64.600,65.400,65.700,64.600,1.01M,-1.22%
8/9/2022,65.300,64.800,65.400,64.700,792.00K,1.08%
8/10/2022,64.800,65.000,65.600,64.700,967.90K,-0.77%
8/11/2022,65.800,65.600,66.400,65.000,1.67M,1.54%
8/12/2022,66.200,65.800,66.200,65.500,811.20K,0.61%
8/15/2022,66.400,66.300,66.500,66.100,802.10K,0.30%
8/16/2022,65.900,66.400,66.400,65.700,862.20K,-0.75%
8/17/2022,67.300,66.200,67.800,66.000,2.20M,2.12%
8/18/2022,68.100,67.200,69.300,67.200,2.77M,1.19%
8/19/2022,67.900,68.000,68.400,66.800,1.22M,-0.29%
8/22/2022,66.000,67.200,68.000,66.000,1.47M,-2.80%
8/23/2022,65.000,65.500,65.600,64.800,1.44M,-1.52%
8/24/2022,64.900,65.200,65.800,64.900,787.50K,-0.15%
8/25/2022,65.900,65.000,65.900,65.000,483.00K,1.54%
8/26/2022,65.000,66.000,66.000,65.000,861.30K,-1.37%
8/29/2022,63.600,64.300,64.400,63.000,1.34M,-2.15%
8/30/2022,63.600,63.600,64.100,63.200,868.40K,0.00%
8/31/2022,63.700,64.000,65.700,63.700,1.24M,0.16%
9/5/2022,64.000,64.800,65.200,64.000,1.31M,0.47%
9/6/2022,63.300,64.100,64.800,63.100,1.34M,-1.09%
9/7/2022,62.500,63.300,63.400,62.500,1.35M,-1.26%
9/8/2022,62.900,63.300,63.600,62.400,841.20K,0.64%
9/9/2022,64.400,63.200,64.400,62.900,1.19M,2.38%
9/12/2022,64.000,64.900,64.900,63.800,552.90K,-0.62%
9/13/2022,64.100,64.000,64.300,63.600,1.06M,0.16%
9/14/2022,63.400,63.500,63.700,62.100,711.00K,-1.09%
9/15/2022,63.900,63.500,64.000,62.800,851.30K,0.79%
9/16/2022,62.500,63.200,64.500,62.500,1.68M,-2.19%
9/19/2022,62.900,62.500,63.300,62.100,786.00K,0.64%
9/20/2022,63.900,62.600,63.900,62.600,800.10K,1.59%
9/21/2022,63.100,63.500,63.600,62.700,482.70K,-1.25%
9/22/2022,63.300,62.500,63.300,58.700,1.24M,0.32%
9/23/2022,62.600,63.000,63.300,62.000,324.20K,-1.11%
9/26/2022,62.000,61.800,62.600,61.600,1.20M,-0.96%
9/27/2022,61.000,62.100,62.200,60.800,639.10K,-1.61%
9/28/2022,57.500,60.100,60.800,57.500,1.14M,-5.74%
9/29/2022,54.600,57.700,58.200,54.300,1.70M,-5.04%
9/30/2022,55.000,53.300,56.400,53.300,1.72M,0.73%
10/3/2022,55.500,54.900,55.500,53.000,1.45M,0.91%
10/4/2022,57.000,56.000,57.000,54.600,1.30M,2.70%
10/5/2022,60.000,57.500,60.900,57.000,1.33M,5.26%
10/6/2022,60.100,59.800,62.000,58.100,1.01M,0.17%
10/7/2022,60.200,60.500,60.700,58.300,2.99M,0.17%
10/10/2022,60.200,60.200,60.900,57.700,1.24M,0.00%
10/11/2022,60.000,58.300,60.100,56.700,2.19M,-0.33%
10/12/2022,60.000,60.000,60.200,58.300,1.71M,0.00%
10/13/2022,60.400,58.700,61.000,58.200,1.25M,0.67%
10/14/2022,59.700,60.500,60.500,58.400,779.40K,-1.16%
10/17/2022,56.000,58.600,59.000,56.000,738.70K,-6.20%
10/18/2022,58.400,56.500,58.600,56.500,606.10K,4.29%
10/19/2022,58.500,58.500,58.700,56.500,826.40K,0.17%
10/20/2022,58.600,58.100,58.700,57.200,1.10M,0.17%
10/21/2022,56.800,58.500,58.500,54.500,1.41M,-3.07%
10/24/2022,56.500,56.000,56.600,52.900,1.61M,-0.53%
10/25/2022,56.100,56.300,56.300,53.000,1.45M,-0.71%
10/26/2022,54.800,56.100,56.100,53.500,1.05M,-2.32%
10/27/2022,55.000,54.600,55.000,52.500,1.97M,0.36%
10/28/2022,55.700,55.400,55.800,53.500,1.28M,1.27%
10/31/2022,55.400,56.000,56.400,54.300,1.05M,-0.54%
11/1/2022,55.400,55.700,55.800,54.000,1.42M,0.00%
11/2/2022,55.400,55.300,55.400,54.000,1.35M,0.00%
11/3/2022,55.100,54.400,55.100,54.300,909.70K,-0.54%
11/4/2022,54.300,54.900,54.900,52.100,1.62M,-1.45%
11/7/2022,53.400,54.000,54.000,51.700,1.70M,-1.66%
11/8/2022,53.300,52.200,53.300,49.700,2.48M,-0.19%
11/9/2022,53.700,53.300,54.300,52.200,1.57M,0.75%
11/10/2022,53.000,53.600,54.000,52.000,1.56M,-1.30%
11/11/2022,54.300,53.000,54.800,52.500,938.50K,2.45%
11/14/2022,55.000,54.200,55.500,53.100,1.39M,1.29%
11/15/2022,57.000,55.900,57.500,55.000,1.58M,3.64%
11/16/2022,60.400,56.900,60.900,56.100,2.25M,5.96%
11/17/2022,64.600,62.400,64.600,60.500,4.79M,6.95%
11/18/2022,65.600,66.900,66.900,63.100,1.69M,1.55%
11/21/2022,64.000,66.000,66.700,63.600,1.20M,-2.44%
11/22/2022,61.000,64.000,65.900,61.000,1.47M,-4.69%
11/23/2022,59.700,60.100,62.600,59.700,998.80K,-2.13%
11/24/2022,61.000,60.000,62.100,60.000,1.14M,2.18%
11/25/2022,65.000,63.000,65.000,62.600,2.29M,6.56%
11/28/2022,65.000,66.500,67.100,65.000,3.25M,0.00%
11/29/2022,69.400,65.000,69.400,64.200,3.56M,6.77%
11/30/2022,69.600,69.500,70.200,68.000,3.23M,0.29%
